登録番号,農薬の種類,農薬の名称,用途,登録年月日,作物名称,病害虫雑草,使用方法,希釈倍数使用量,希釈倍数使用量(最小),希釈倍数使用量(最大),希釈倍数使用量(単位),使用時期,散布液量,散布液量(最小),散布液量(最大),散布液量(単位),本剤の使用回数,FRAC有効成分,FRACコード,FRAC備考,備考1,備考2
142,石灰硫黄合剤,サンケイ石灰硫黄合剤,殺菌剤,1948/10/30,果樹類,ハダニ類,散布,80～200倍,80,200,32,夏期,,,,,-,calcium-polysulphide,,要確認: FRAC PDF に石灰硫黄合剤の記載なし（M2 の可能性）,,
142,石灰硫黄合剤,サンケイ石灰硫黄合剤,殺菌剤,1948/10/30,果樹類,サビダニ類,散布,80～200倍,80,200,32,夏期,,,,,-,calcium-polysulphide,,要確認: FRAC PDF に石灰硫黄合剤の記載なし（M2 の可能性）,,
142,石灰硫黄合剤,サンケイ石灰硫黄合剤,殺菌剤,1948/10/30,果樹類,ハダニ類,散布,20～40倍,20,40,32,冬期,,,,,-,calcium-polysulphide,,要確認: FRAC PDF に石灰硫黄合剤の記載なし（M2 の可能性）,,
142,石灰硫黄合剤,サンケイ石灰硫黄合剤,殺菌剤,1948/10/30,果樹類,サビダニ類,散布,20～40倍,20,40,32,冬期,,,,,-,calcium-polysulphide,,要確認: FRAC PDF に石灰硫黄合剤の記載なし（M2 の可能性）,,
313,石灰硫黄合剤,海野石灰硫黄合剤,殺菌剤,1949/2/3,果樹類,ハダニ類,散布,80～200倍,80,200,32,夏期,,,,,-,calcium-polysulphide,,要確認: FRAC PDF に石灰硫黄合剤の記載なし（M2 の可能性）,,
313,石灰硫黄合剤,海野石灰硫黄合剤,殺菌剤,1949/2/3,果樹類,サビダニ類,散布,80～200倍,80,200,32,夏期,,,,,-,calcium-polysulphide,,要確認: FRAC PDF に石灰硫黄合剤の記載なし（M2 の可能性）,,
313,石灰硫黄合剤,海野石灰硫黄合剤,殺菌剤,1949/2/3,果樹類,ハダニ類,散布,20～40倍,20,40,32,冬期,,,,,-,calcium-polysulphide,,要確認: FRAC PDF に石灰硫黄合剤の記載なし（M2 の可能性）,,
313,石灰硫黄合剤,海野石灰硫黄合剤,殺菌剤,1949/2/3,果樹類,サビダニ類,散布,20～40倍,20,40,32,冬期,,,,,-,calcium-polysulphide,,要確認: FRAC PDF に石灰硫黄合剤の記載なし（M2 の可能性）,,
3546,硫酸銅,マルア硫酸銅（粉）,殺菌剤,1958/3/8,ぶどう,べと病,ﾎﾞﾙﾄﾞｰ液を調製して均一に散布する｡,3-2式～6-4式ﾎﾞﾙﾄﾞｰ液,,,,,,,,,-,copper,M1,,,
3546,硫酸銅,マルア硫酸銅（粉）,殺菌剤,1958/3/8,ぶどう,黒とう病,ﾎﾞﾙﾄﾞｰ液を調製して均一に散布する｡,3-2式～6-4式ﾎﾞﾙﾄﾞｰ液,,,,,,,,,-,copper,M1,,,
3725,硫黄粉剤,細井硫黄粉剤５０,殺菌剤,1958/9/30,大粒種ぶどう(施設栽培),すす点病,散布,3kg/10a,3,3,8,果粒幼果期～軟化期,,,,,-,sulphur,M2,,,
3848,硫酸銅,蛇の目印粉状丹礬,殺菌剤,1959/1/31,ぶどう,べと病,ﾎﾞﾙﾄﾞｰ液を調製して均一に散布する｡,3-2式～6-4式ﾎﾞﾙﾄﾞｰ液,,,,,,,,,-,copper,M1,,,
3848,硫酸銅,蛇の目印粉状丹礬,殺菌剤,1959/1/31,ぶどう,黒とう病,ﾎﾞﾙﾄﾞｰ液を調製して均一に散布する｡,3-2式～6-4式ﾎﾞﾙﾄﾞｰ液,,,,,,,,,-,copper,M1,,,
3883,硫酸銅,三井硫酸銅（粉状）,殺菌剤,1959/1/31,ぶどう,べと病,ﾎﾞﾙﾄﾞｰ液を調製して均一に散布する｡,3-2式～6-4式ﾎﾞﾙﾄﾞｰ液,,,,,,,,,-,copper,M1,,,
3883,硫酸銅,三井硫酸銅（粉状）,殺菌剤,1959/1/31,ぶどう,黒とう病,ﾎﾞﾙﾄﾞｰ液を調製して均一に散布する｡,3-2式～6-4式ﾎﾞﾙﾄﾞｰ液,,,,,,,,,-,copper,M1,,,
4140,石灰硫黄合剤,宮内石灰硫黄合剤,殺菌剤,1959/12/25,果樹類,ハダニ類,散布,80～200倍,80,200,32,夏期,,,,,-,calcium-polysulphide,,要確認: FRAC PDF に石灰硫黄合剤の記載なし（M2 の可能性）,,
4140,石灰硫黄合剤,宮内石灰硫黄合剤,殺菌剤,1959/12/25,果樹類,サビダニ類,散布,80～200倍,80,200,32,夏期,,,,,-,calcium-polysulphide,,要確認: FRAC PDF に石灰硫黄合剤の記載なし（M2 の可能性）,,
4140,石灰硫黄合剤,宮内石灰硫黄合剤,殺菌剤,1959/12/25,果樹類,ハダニ類,散布,20～40倍,20,40,32,冬期,,,,,-,calcium-polysulphide,,要確認: FRAC PDF に石灰硫黄合剤の記載なし（M2 の可能性）,,
4140,石灰硫黄合剤,宮内石灰硫黄合剤,殺菌剤,1959/12/25,果樹類,サビダニ類,散布,20～40倍,20,40,32,冬期,,,,,-,calcium-polysulphide,,要確認: FRAC PDF に石灰硫黄合剤の記載なし（M2 の可能性）,,
4406,硫黄粉剤,サンケイ硫黄粉剤５０,殺菌剤,1960/8/10,大粒種ぶどう(施設栽培),すす点病,散布,3kg/10a,3,3,8,果粒幼果期～軟化期,,,,,-,sulphur,M2,,,
4407,硫黄・銅水和剤,サンケイ園芸ボルドー,殺菌剤,1960/8/10,ぶどう,黒とう病,散布,500倍,500,500,32,-,200～700L/10a,200,700,5,-,sulphur/copper,M2/M1,,,
4407,硫黄・銅水和剤,サンケイ園芸ボルドー,殺菌剤,1960/8/10,ぶどう,つる割細菌病,散布,500倍,500,500,32,-,200～700L/10a,200,700,5,-,sulphur/copper,M2/M1,,,
4407,硫黄・銅水和剤,サンケイ園芸ボルドー,殺菌剤,1960/8/10,ぶどう,さび病,散布,500倍,500,500,32,-,200～700L/10a,200,700,5,-,sulphur/copper,M2/M1,,,
4407,硫黄・銅水和剤,サンケイ園芸ボルドー,殺菌剤,1960/8/10,ぶどう,灰色かび病,散布,500倍,500,500,32,-,200～700L/10a,200,700,5,-,sulphur/copper,M2/M1,,,
4407,硫黄・銅水和剤,サンケイ園芸ボルドー,殺菌剤,1960/8/10,ぶどう,べと病,散布,800倍,800,800,32,-,200～700L/10a,200,700,5,-,sulphur/copper,M2/M1,,,
4407,硫黄・銅水和剤,サンケイ園芸ボルドー,殺菌剤,1960/8/10,ぶどう,べと病,無人航空機による散布,4倍,4,4,32,-,1L/10a,1,1,5,-,sulphur/copper,M2/M1,,,
4407,硫黄・銅水和剤,サンケイ園芸ボルドー,殺菌剤,1960/8/10,ぶどう,べと病,無人航空機による散布,40倍,40,40,32,-,10L/10a,10,10,5,-,sulphur/copper,M2/M1,,,
4407,硫黄・銅水和剤,サンケイ園芸ボルドー,殺菌剤,1960/8/10,ぶどう,うどんこ病,散布,800倍,800,800,32,-,200～700L/10a,200,700,5,-,sulphur/copper,M2/M1,,,
4407,硫黄・銅水和剤,サンケイ園芸ボルドー,殺菌剤,1960/8/10,ぶどう,褐斑病,散布,400～800倍,400,800,32,-,200～700L/10a,200,700,5,-,sulphur/copper,M2/M1,,,
4407,硫黄・銅水和剤,サンケイ園芸ボルドー,殺菌剤,1960/8/10,ぶどう,晩腐病,散布,400～800倍,400,800,32,-,200～700L/10a,200,700,5,-,sulphur/copper,M2/M1,,,
7696,石灰硫黄合剤,カネナカ印石灰硫黄合剤,殺菌剤,1966/7/27,果樹類,ハダニ類,散布,80～200倍,80,200,32,夏期,,,,,-,calcium-polysulphide,,要確認: FRAC PDF に石灰硫黄合剤の記載なし（M2 の可能性）,,
7696,石灰硫黄合剤,カネナカ印石灰硫黄合剤,殺菌剤,1966/7/27,果樹類,サビダニ類,散布,80～200倍,80,200,32,夏期,,,,,-,calcium-polysulphide,,要確認: FRAC PDF に石灰硫黄合剤の記載なし（M2 の可能性）,,
7696,石灰硫黄合剤,カネナカ印石灰硫黄合剤,殺菌剤,1966/7/27,果樹類,ハダニ類,散布,20～40倍,20,40,32,冬期,,,,,-,calcium-polysulphide,,要確認: FRAC PDF に石灰硫黄合剤の記載なし（M2 の可能性）,,
7696,石灰硫黄合剤,カネナカ印石灰硫黄合剤,殺菌剤,1966/7/27,果樹類,サビダニ類,散布,20～40倍,20,40,32,冬期,,,,,-,calcium-polysulphide,,要確認: FRAC PDF に石灰硫黄合剤の記載なし（M2 の可能性）,,
8086,有機銅水和剤,キノンドー水和剤４０,殺菌剤,1967/3/10,ぶどう,べと病,散布,600倍,600,600,32,収穫45日前まで,200～700L/10a,200,700,5,4回以内(開花後は1回),copper,M1,有機銅: PDF の copper 注記「有機銅錯体にも当てはまる」に基づき M1（推定）,有機銅を含む農薬の総使用回数は7回以内(塗布は3回以内､散布は4回以内(但し､開花後は1回以内)),
8086,有機銅水和剤,キノンドー水和剤４０,殺菌剤,1967/3/10,ぶどう,枝膨病,散布,600倍,600,600,32,収穫45日前まで,200～700L/10a,200,700,5,4回以内(開花後は1回),copper,M1,有機銅: PDF の copper 注記「有機銅錯体にも当てはまる」に基づき M1（推定）,有機銅を含む農薬の総使用回数は7回以内(塗布は3回以内､散布は4回以内(但し､開花後は1回以内)),
8086,有機銅水和剤,キノンドー水和剤４０,殺菌剤,1967/3/10,ぶどう,黒とう病,散布,600～800倍,600,800,32,収穫45日前まで,200～700L/10a,200,700,5,4回以内(開花後は1回),copper,M1,有機銅: PDF の copper 注記「有機銅錯体にも当てはまる」に基づき M1（推定）,有機銅を含む農薬の総使用回数は7回以内(塗布は3回以内､散布は4回以内(但し､開花後は1回以内)),
9019,ポリオキシン水和剤,ポリオキシンＡＬ水和剤,殺菌剤,1968/6/25,ぶどう,灰色かび病,散布,500～1000倍,500,1000,32,収穫60日前まで,200～700L/10a,200,700,5,5回以内,polyoxin,19,,ポリオキシン複合体を含む農薬の総使用回数：5回以内,
9020,ポリオキシン水和剤,ポリオキシンＡＬ水和剤「科研」,殺菌剤,1968/6/25,ぶどう,灰色かび病,散布,500～1000倍,500,1000,32,収穫60日前まで,200～700L/10a,200,700,5,5回以内,polyoxin,19,,ポリオキシン複合体を含む農薬の総使用回数：5回以内,
9021,ポリオキシン水和剤,日農ポリオキシンＡＬ水和剤,殺菌剤,1968/6/25,ぶどう,灰色かび病,散布,500～1000倍,500,1000,32,収穫60日前まで,200～700L/10a,200,700,5,5回以内,polyoxin,19,,ポリオキシン複合体を含む農薬の総使用回数：5回以内,
10529,キャプタン水和剤,ホクコーオーソサイド水和剤８０,殺菌剤,1969/11/20,ぶどう,晩腐病,散布,800倍,800,800,32,収穫30日前まで,200～700L/10a,200,700,5,3回以内,captan,M4,,キャプタンを含む農薬の総使用回数：3回以内,
10529,キャプタン水和剤,ホクコーオーソサイド水和剤８０,殺菌剤,1969/11/20,ぶどう,褐斑病,散布,800倍,800,800,32,収穫30日前まで,200～700L/10a,200,700,5,3回以内,captan,M4,,キャプタンを含む農薬の総使用回数：3回以内,
10529,キャプタン水和剤,ホクコーオーソサイド水和剤８０,殺菌剤,1969/11/20,ぶどう,灰色かび病,散布,800倍,800,800,32,収穫30日前まで,200～700L/10a,200,700,5,3回以内,captan,M4,,キャプタンを含む農薬の総使用回数：3回以内,
10529,キャプタン水和剤,ホクコーオーソサイド水和剤８０,殺菌剤,1969/11/20,ぶどう,べと病,散布,800倍,800,800,32,収穫30日前まで,200～700L/10a,200,700,5,3回以内,captan,M4,,キャプタンを含む農薬の総使用回数：3回以内,
10529,キャプタン水和剤,ホクコーオーソサイド水和剤８０,殺菌剤,1969/11/20,ぶどう,枝膨病,散布,800倍,800,800,32,収穫30日前まで,200～700L/10a,200,700,5,3回以内,captan,M4,,キャプタンを含む農薬の総使用回数：3回以内,
10529,キャプタン水和剤,ホクコーオーソサイド水和剤８０,殺菌剤,1969/11/20,ぶどう,黒とう病,散布,800倍,800,800,32,収穫30日前まで,200～700L/10a,200,700,5,3回以内,captan,M4,,キャプタンを含む農薬の総使用回数：3回以内,
11508,キャプタン水和剤,サンケイオーソサイド水和剤８０,殺菌剤,1971/4/21,ぶどう,晩腐病,散布,800倍,800,800,32,収穫30日前まで,200～700L/10a,200,700,5,3回以内,captan,M4,,キャプタンを含む農薬の総使用回数：3回以内,
11508,キャプタン水和剤,サンケイオーソサイド水和剤８０,殺菌剤,1971/4/21,ぶどう,褐斑病,散布,800倍,800,800,32,収穫30日前まで,200～700L/10a,200,700,5,3回以内,captan,M4,,キャプタンを含む農薬の総使用回数：3回以内,
11508,キャプタン水和剤,サンケイオーソサイド水和剤８０,殺菌剤,1971/4/21,ぶどう,灰色かび病,散布,800倍,800,800,32,収穫30日前まで,200～700L/10a,200,700,5,3回以内,captan,M4,,キャプタンを含む農薬の総使用回数：3回以内,
11508,キャプタン水和剤,サンケイオーソサイド水和剤８０,殺菌剤,1971/4/21,ぶどう,べと病,散布,800倍,800,800,32,収穫30日前まで,200～700L/10a,200,700,5,3回以内,captan,M4,,キャプタンを含む農薬の総使用回数：3回以内,
11508,キャプタン水和剤,サンケイオーソサイド水和剤８０,殺菌剤,1971/4/21,ぶどう,枝膨病,散布,800倍,800,800,32,収穫30日前まで,200～700L/10a,200,700,5,3回以内,captan,M4,,キャプタンを含む農薬の総使用回数：3回以内,
11508,キャプタン水和剤,サンケイオーソサイド水和剤８０,殺菌剤,1971/4/21,ぶどう,黒とう病,散布,800倍,800,800,32,収穫30日前まで,200～700L/10a,200,700,5,3回以内,captan,M4,,キャプタンを含む農薬の総使用回数：3回以内,
11573,チオファネートメチル水和剤,トップジンＭ水和剤,殺菌剤,1971/5/1,ぶどう,灰色かび病,散布,1000～2000倍,1000,2000,32,収穫45日前まで,200～700L/10a,200,700,5,1回,thiophanate-methyl,1,,ネオファネートメチルを含む農薬の総使用回数：5回以内(塗布は3回以内､休眠期の散布は1回以内､生育期の散布は1回以内),
11573,チオファネートメチル水和剤,トップジンＭ水和剤,殺菌剤,1971/5/1,ぶどう,褐斑病,散布,1000～2000倍,1000,2000,32,収穫45日前まで,200～700L/10a,200,700,5,1回,thiophanate-methyl,1,,ネオファネートメチルを含む農薬の総使用回数：5回以内(塗布は3回以内､休眠期の散布は1回以内､生育期の散布は1回以内),
11573,チオファネートメチル水和剤,トップジンＭ水和剤,殺菌剤,1971/5/1,ぶどう,うどんこ病,散布,1000～2000倍,1000,2000,32,収穫45日前まで,200～700L/10a,200,700,5,1回,thiophanate-methyl,1,,ネオファネートメチルを含む農薬の総使用回数：5回以内(塗布は3回以内､休眠期の散布は1回以内､生育期の散布は1回以内),
11573,チオファネートメチル水和剤,トップジンＭ水和剤,殺菌剤,1971/5/1,ぶどう,黒とう病,散布,1000～2000倍,1000,2000,32,収穫45日前まで,200～700L/10a,200,700,5,1回,thiophanate-methyl,1,,ネオファネートメチルを含む農薬の総使用回数：5回以内(塗布は3回以内､休眠期の散布は1回以内､生育期の散布は1回以内),
11573,チオファネートメチル水和剤,トップジンＭ水和剤,殺菌剤,1971/5/1,ぶどう,晩腐病,散布,1000倍,1000,1000,32,収穫45日前まで,200～700L/10a,200,700,5,1回,thiophanate-methyl,1,,ネオファネートメチルを含む農薬の総使用回数：5回以内(塗布は3回以内､休眠期の散布は1回以内､生育期の散布は1回以内),
11573,チオファネートメチル水和剤,トップジンＭ水和剤,殺菌剤,1971/5/1,ぶどう,芽枯病,散布,1000倍,1000,1000,32,収穫45日前まで,200～700L/10a,200,700,5,1回,thiophanate-methyl,1,,ネオファネートメチルを含む農薬の総使用回数：5回以内(塗布は3回以内､休眠期の散布は1回以内､生育期の散布は1回以内),
11573,チオファネートメチル水和剤,トップジンＭ水和剤,殺菌剤,1971/5/1,ぶどう,苦腐病,散布,1000～1500倍,1000,1500,32,収穫45日前まで,200～700L/10a,200,700,5,1回,thiophanate-methyl,1,,ネオファネートメチルを含む農薬の総使用回数：5回以内(塗布は3回以内､休眠期の散布は1回以内､生育期の散布は1回以内),
11574,チオファネートメチル水和剤,クミアイトップジンＭ水和剤,殺菌剤,1971/5/1,ぶどう,灰色かび病,散布,1000～2000倍,1000,2000,32,収穫45日前まで,200～700L/10a,200,700,5,1回,thiophanate-methyl,1,,ネオファネートメチルを含む農薬の総使用回数：5回以内(塗布は3回以内､休眠期の散布は1回以内､生育期の散布は1回以内),
11574,チオファネートメチル水和剤,クミアイトップジンＭ水和剤,殺菌剤,1971/5/1,ぶどう,褐斑病,散布,1000～2000倍,1000,2000,32,収穫45日前まで,200～700L/10a,200,700,5,1回,thiophanate-methyl,1,,ネオファネートメチルを含む農薬の総使用回数：5回以内(塗布は3回以内､休眠期の散布は1回以内､生育期の散布は1回以内),
11574,チオファネートメチル水和剤,クミアイトップジンＭ水和剤,殺菌剤,1971/5/1,ぶどう,うどんこ病,散布,1000～2000倍,1000,2000,32,収穫45日前まで,200～700L/10a,200,700,5,1回,thiophanate-methyl,1,,ネオファネートメチルを含む農薬の総使用回数：5回以内(塗布は3回以内､休眠期の散布は1回以内､生育期の散布は1回以内),
11574,チオファネートメチル水和剤,クミアイトップジンＭ水和剤,殺菌剤,1971/5/1,ぶどう,黒とう病,散布,1000～2000倍,1000,2000,32,収穫45日前まで,200～700L/10a,200,700,5,1回,thiophanate-methyl,1,,ネオファネートメチルを含む農薬の総使用回数：5回以内(塗布は3回以内､休眠期の散布は1回以内､生育期の散布は1回以内),
11574,チオファネートメチル水和剤,クミアイトップジンＭ水和剤,殺菌剤,1971/5/1,ぶどう,晩腐病,散布,1000倍,1000,1000,32,収穫45日前まで,200～700L/10a,200,700,5,1回,thiophanate-methyl,1,,ネオファネートメチルを含む農薬の総使用回数：5回以内(塗布は3回以内､休眠期の散布は1回以内､生育期の散布は1回以内),
11574,チオファネートメチル水和剤,クミアイトップジンＭ水和剤,殺菌剤,1971/5/1,ぶどう,芽枯病,散布,1000倍,1000,1000,32,収穫45日前まで,200～700L/10a,200,700,5,1回,thiophanate-methyl,1,,ネオファネートメチルを含む農薬の総使用回数：5回以内(塗布は3回以内､休眠期の散布は1回以内､生育期の散布は1回以内),
11574,チオファネートメチル水和剤,クミアイトップジンＭ水和剤,殺菌剤,1971/5/1,ぶどう,苦腐病,散布,1000～1500倍,1000,1500,32,収穫45日前まで,200～700L/10a,200,700,5,1回,thiophanate-methyl,1,,ネオファネートメチルを含む農薬の総使用回数：5回以内(塗布は3回以内､休眠期の散布は1回以内､生育期の散布は1回以内),
11575,チオファネートメチル水和剤,ホクコートップジンＭ水和剤,殺菌剤,1971/5/1,ぶどう,灰色かび病,散布,1000～2000倍,1000,2000,32,収穫45日前まで,200～700L/10a,200,700,5,1回,thiophanate-methyl,1,,ネオファネートメチルを含む農薬の総使用回数：5回以内(塗布は3回以内､休眠期の散布は1回以内､生育期の散布は1回以内),
11575,チオファネートメチル水和剤,ホクコートップジンＭ水和剤,殺菌剤,1971/5/1,ぶどう,褐斑病,散布,1000～2000倍,1000,2000,32,収穫45日前まで,200～700L/10a,200,700,5,1回,thiophanate-methyl,1,,ネオファネートメチルを含む農薬の総使用回数：5回以内(塗布は3回以内､休眠期の散布は1回以内､生育期の散布は1回以内),
11575,チオファネートメチル水和剤,ホクコートップジンＭ水和剤,殺菌剤,1971/5/1,ぶどう,うどんこ病,散布,1000～2000倍,1000,2000,32,収穫45日前まで,200～700L/10a,200,700,5,1回,thiophanate-methyl,1,,ネオファネートメチルを含む農薬の総使用回数：5回以内(塗布は3回以内､休眠期の散布は1回以内､生育期の散布は1回以内),
11575,チオファネートメチル水和剤,ホクコートップジンＭ水和剤,殺菌剤,1971/5/1,ぶどう,黒とう病,散布,1000～2000倍,1000,2000,32,収穫45日前まで,200～700L/10a,200,700,5,1回,thiophanate-methyl,1,,ネオファネートメチルを含む農薬の総使用回数：5回以内(塗布は3回以内､休眠期の散布は1回以内､生育期の散布は1回以内),
11575,チオファネートメチル水和剤,ホクコートップジンＭ水和剤,殺菌剤,1971/5/1,ぶどう,晩腐病,散布,1000倍,1000,1000,32,収穫45日前まで,200～700L/10a,200,700,5,1回,thiophanate-methyl,1,,ネオファネートメチルを含む農薬の総使用回数：5回以内(塗布は3回以内､休眠期の散布は1回以内､生育期の散布は1回以内),
11575,チオファネートメチル水和剤,ホクコートップジンＭ水和剤,殺菌剤,1971/5/1,ぶどう,芽枯病,散布,1000倍,1000,1000,32,収穫45日前まで,200～700L/10a,200,700,5,1回,thiophanate-methyl,1,,ネオファネートメチルを含む農薬の総使用回数：5回以内(塗布は3回以内､休眠期の散布は1回以内､生育期の散布は1回以内),
11575,チオファネートメチル水和剤,ホクコートップジンＭ水和剤,殺菌剤,1971/5/1,ぶどう,苦腐病,散布,1000～1500倍,1000,1500,32,収穫45日前まで,200～700L/10a,200,700,5,1回,thiophanate-methyl,1,,ネオファネートメチルを含む農薬の総使用回数：5回以内(塗布は3回以内､休眠期の散布は1回以内､生育期の散布は1回以内),
11995,チオファネートメチル・マンネブ水和剤,ラビライト水和剤,殺菌剤,1972/2/19,ぶどう,晩腐病,散布,800～1000倍,800,1000,32,落弁期まで 但し､収穫75日前まで,200～700L/10a,200,700,5,1回,thiophanate-methyl/maneb,1/M3,,ネオファネートメチルを含む農薬の総使用回数：5回以内(塗布は3回以内､休眠期の散布は1回以内､生育期の散布は1回以内),マンネブを含む農薬の総使用回数：2回以内
11996,チオファネートメチル・マンネブ水和剤,クミアイラビライト水和剤,殺菌剤,1972/2/19,ぶどう,晩腐病,散布,800～1000倍,800,1000,32,落弁期まで 但し､収穫75日前まで,200～700L/10a,200,700,5,1回,thiophanate-methyl/maneb,1/M3,,ネオファネートメチルを含む農薬の総使用回数：5回以内(塗布は3回以内､休眠期の散布は1回以内､生育期の散布は1回以内),マンネブを含む農薬の総使用回数：2回以内
12956,ノニルフェノールスルホン酸銅乳剤,ヨネポン,殺菌剤,1973/3/31,ぶどう,晩腐病,散布,100倍,100,100,32,萌芽前,200～700L/10a,200,700,5,1回,copper,M1,有機銅: PDF の copper 注記「有機銅錯体にも当てはまる」に基づき M1（推定）,ノニルフェノールスルホン酸銅を含む農薬の総使用回数：3回以内(萌芽前は1回以内、萌芽後は2回以内),
12956,ノニルフェノールスルホン酸銅乳剤,ヨネポン,殺菌剤,1973/3/31,ぶどう,黒とう病,散布,100倍,100,100,32,萌芽前,200～700L/10a,200,700,5,1回,copper,M1,有機銅: PDF の copper 注記「有機銅錯体にも当てはまる」に基づき M1（推定）,ノニルフェノールスルホン酸銅を含む農薬の総使用回数：3回以内(萌芽前は1回以内、萌芽後は2回以内),
13276,イソプロチオラン粒剤,フジワン粒剤,殺菌剤,1974/7/17,ぶどう,白紋羽病,土壌混和,3kg/樹,3,3,11,萌芽期まで,,,,,1回,isoprothiolane,6,,イソプロチオランを含む農薬の総使用回数：1回,
13411,チオファネートメチルペースト剤,トップジンＭペースト,殺菌剤,1975/8/26,ぶどう,切り口及び傷口のゆ合促進,塗布,原液,,,,剪定整枝時､病患部削り取り直後､及び病枝切除後,,,,,3回以内,thiophanate-methyl,1,,チオファネートメチルを含む農薬の総使用回数：5回以内(塗布は3回以内､休眠期の散布は1回以内､生育期の散布は1回以内),
13411,チオファネートメチルペースト剤,トップジンＭペースト,殺菌剤,1975/8/26,ぶどう,晩腐病,塗布,3倍,3,3,32,休眠期(萌芽前),,,,,3回以内,thiophanate-methyl,1,,チオファネートメチルを含む農薬の総使用回数：5回以内(塗布は3回以内､休眠期の散布は1回以内､生育期の散布は1回以内),
13411,チオファネートメチルペースト剤,トップジンＭペースト,殺菌剤,1975/8/26,ぶどう,つる割病,塗布,3倍,3,3,32,休眠期(萌芽前),,,,,3回以内,thiophanate-methyl,1,,チオファネートメチルを含む農薬の総使用回数：5回以内(塗布は3回以内､休眠期の散布は1回以内､生育期の散布は1回以内),
13684,チウラム・チオファネートメチル水和剤,ホーマイコート,殺菌剤,1976/12/24,ぶどう,黒とう病,散布,50～100倍,50,100,32,休眠期,200～700L/10a,200,700,5,1回,thiram/thiophanate-methyl,M3/1,,チウラムを含む農薬の総使用回数：3回以内(休眠期は1回以内､生育期は2回以内),チオファネートメチルを含む農薬の総使用回数：5回以内(塗布は3回以内､休眠期の散布は1回以内､生育期の散布は1回以内)
13684,チウラム・チオファネートメチル水和剤,ホーマイコート,殺菌剤,1976/12/24,ぶどう,晩腐病,散布,50～100倍,50,100,32,休眠期,200～700L/10a,200,700,5,1回,thiram/thiophanate-methyl,M3/1,,チウラムを含む農薬の総使用回数：3回以内(休眠期は1回以内､生育期は2回以内),チオファネートメチルを含む農薬の総使用回数：5回以内(塗布は3回以内､休眠期の散布は1回以内､生育期の散布は1回以内)
13684,チウラム・チオファネートメチル水和剤,ホーマイコート,殺菌剤,1976/12/24,ぶどう,つる割病,散布,50～100倍,50,100,32,休眠期,200～700L/10a,200,700,5,1回,thiram/thiophanate-methyl,M3/1,,チウラムを含む農薬の総使用回数：3回以内(休眠期は1回以内､生育期は2回以内),チオファネートメチルを含む農薬の総使用回数：5回以内(塗布は3回以内､休眠期の散布は1回以内､生育期の散布は1回以内)
13684,チウラム・チオファネートメチル水和剤,ホーマイコート,殺菌剤,1976/12/24,ぶどう,枝膨病,散布,50倍,50,50,32,休眠期,200～700L/10a,200,700,5,1回,thiram/thiophanate-methyl,M3/1,,チウラムを含む農薬の総使用回数：3回以内(休眠期は1回以内､生育期は2回以内),チオファネートメチルを含む農薬の総使用回数：5回以内(塗布は3回以内､休眠期の散布は1回以内､生育期の散布は1回以内)
13768,銅水和剤,サンボルドー,殺菌剤,1977/6/22,ぶどう,べと病,散布,600倍,600,600,32,-,,,,,-,copper,M1,,,
13823,ストレプトマイシン液剤,アグレプト液剤,殺菌剤,1977/11/28,ぶどう,,散布,1000倍(200ppm),,,,満開予定日の14日前～開花始期,200～700L/10a,200,700,5,1回,streptomycin,25,,ストレプトマイシンを含む農薬の総使用回数：1回,
13823,ストレプトマイシン液剤,アグレプト液剤,殺菌剤,1977/11/28,ぶどう,,花房散布,1000倍(200ppm),,,,満開予定日の14日前～開花始期,30～100L/10a,30,100,5,1回,streptomycin,25,,ストレプトマイシンを含む農薬の総使用回数：1回,
13823,ストレプトマイシン液剤,アグレプト液剤,殺菌剤,1977/11/28,ぶどう,,花房浸漬,1000倍(200ppm),,,,満開予定日の14日前～開花始期,-,,,,1回,streptomycin,25,,ストレプトマイシンを含む農薬の総使用回数：1回,
13823,ストレプトマイシン液剤,アグレプト液剤,殺菌剤,1977/11/28,ぶどう,,花房浸漬(第1回目ｼﾞﾍﾞﾚﾘﾝ処理と併用),1000倍(200ppm),,,,満開予定日の14日前～満開期,-,,,,1回,streptomycin,25,,ストレプトマイシンを含む農薬の総使用回数：1回,
14212,イプロジオン水和剤,ロブラール水和剤,殺菌剤,1979/12/11,ぶどう,灰色かび病,散布,1000～1500倍,1000,1500,32,開花期～幼果期 但し､収穫60日前まで,200～700L/10a,200,700,5,3回以内,iprodione,2,,イプロジオンを含む農薬の総使用回数：3回以内,
14212,イプロジオン水和剤,ロブラール水和剤,殺菌剤,1979/12/11,ぶどう,白腐病,散布,1000～1500倍,1000,1500,32,開花期～幼果期 但し､収穫60日前まで,200～700L/10a,200,700,5,3回以内,iprodione,2,,イプロジオンを含む農薬の総使用回数：3回以内,
14212,イプロジオン水和剤,ロブラール水和剤,殺菌剤,1979/12/11,ぶどう,黒とう病,散布,1000倍,1000,1000,32,開花期～幼果期 但し､収穫60日前まで,200～700L/10a,200,700,5,3回以内,iprodione,2,,イプロジオンを含む農薬の総使用回数：3回以内,
14212,イプロジオン水和剤,ロブラール水和剤,殺菌剤,1979/12/11,ぶどう,灰色かび病,常温煙霧,200g/10a,200,200,1,開花期～幼果期､但し､収穫60日前まで,6L/10a,6,6,5,3回以内,iprodione,2,,イプロジオンを含む農薬の総使用回数：3回以内,
14228,チオファネートメチル水和剤,トップジンＭゾル,殺菌剤,1979/12/11,ぶどう,黒とう病,散布,1000倍,1000,1000,32,収穫45日前まで,200～700L/10a,200,700,5,1回,thiophanate-methyl,1,,チオファネートメチルを含む農薬の総使用回数：5回以内(塗布は3回以内､休眠期の散布は1回以内､生育期の散布は1回以内),
14263,有機銅塗布剤,バッチレート,殺菌剤,1980/3/25,ぶどう,傷口のゆ合促進,剪定枝の切口､病患部の削除あとに塗布,原液,,,,剪定時及び病患部削り取り直後,,,,,3回以内,copper,M1,有機銅: PDF の copper 注記「有機銅錯体にも当てはまる」に基づき M1（推定）,有機銅を含む農薬の総使用回数：7回以内(塗布は3回以内､散布は4回以内(但し､開花後は1回以内)),
14359,有機銅水和剤,キノンドー水和剤８０,殺菌剤,1980/9/22,ぶどう,黒とう病,散布,1200～1600倍,1200,1600,32,収穫45日前まで,200～700L/10a,200,700,5,4回以内(開花後は1回),copper,M1,有機銅: PDF の copper 注記「有機銅錯体にも当てはまる」に基づき M1（推定）,有機銅を含む農薬の総使用回数：7回以内(塗布は3回以内､散布は4回以内(但し､開花後は1回以内)),
14359,有機銅水和剤,キノンドー水和剤８０,殺菌剤,1980/9/22,ぶどう,べと病,散布,1200倍,1200,1200,32,収穫45日前まで,200～700L/10a,200,700,5,4回以内(開花後は1回),copper,M1,有機銅: PDF の copper 注記「有機銅錯体にも当てはまる」に基づき M1（推定）,有機銅を含む農薬の総使用回数：7回以内(塗布は3回以内､散布は4回以内(但し､開花後は1回以内)),
14685,メプロニル水和剤,バシタック水和剤７５,殺菌剤,1981/8/7,ぶどう,さび病,散布,1000倍,1000,1000,32,収穫45日前まで,200～700L/10a,200,700,5,1回,mepronil,7,,メプロニルを含む農薬の総使用回数：1回,
15176,ポリオキシン水溶剤,ポリオキシンＡＬ水溶剤「科研」,殺菌剤,1982/9/1,ぶどう,灰色かび病,散布,5000倍,5000,5000,32,収穫60日前まで,200～700L/10a,200,700,5,5回以内,polyoxin,19,,ポリオキシン複合体を含む農薬の総使用回数：5回以内,
15176,ポリオキシン水溶剤,ポリオキシンＡＬ水溶剤「科研」,殺菌剤,1982/9/1,ぶどう,うどんこ病,散布,5000倍,5000,5000,32,収穫60日前まで,200～700L/10a,200,700,5,5回以内,polyoxin,19,,ポリオキシン複合体を含む農薬の総使用回数：5回以内,
15176,ポリオキシン水溶剤,ポリオキシンＡＬ水溶剤「科研」,殺菌剤,1982/9/1,ぶどう,黒とう病,散布,5000倍,5000,5000,32,収穫60日前まで,200～700L/10a,200,700,5,5回以内,polyoxin,19,,ポリオキシン複合体を含む農薬の総使用回数：5回以内,
15176,ポリオキシン水溶剤,ポリオキシンＡＬ水溶剤「科研」,殺菌剤,1982/9/1,ぶどう,ハダニ類,散布,5000倍,5000,5000,32,収穫60日前まで,200～700L/10a,200,700,5,5回以内,polyoxin,19,,ポリオキシン複合体を含む農薬の総使用回数：5回以内,
15176,ポリオキシン水溶剤,ポリオキシンＡＬ水溶剤「科研」,殺菌剤,1982/9/1,ぶどう,チャノキイロアザミウマ,散布,5000倍,5000,5000,32,収穫60日前まで,200～700L/10a,200,700,5,5回以内,polyoxin,19,,ポリオキシン複合体を含む農薬の総使用回数：5回以内,
15471,キャプタン・ホセチル水和剤,アリエッティＣ水和剤,殺菌剤,1983/3/29,ぶどう,晩腐病,散布,400～600倍,400,600,32,収穫30日前まで,200～700L/10a,200,700,5,3回以内,captan/fosetyl-al,M4/P07,,キャプタンを含む農薬の総使用回数：3回以内,ホセチルを含む農薬の総使用回数：3回以内
15471,キャプタン・ホセチル水和剤,アリエッティＣ水和剤,殺菌剤,1983/3/29,ぶどう,べと病,散布,400～800倍,400,800,32,収穫30日前まで,200～700L/10a,200,700,5,3回以内,captan/fosetyl-al,M4/P07,,キャプタンを含む農薬の総使用回数：3回以内,ホセチルを含む農薬の総使用回数：3回以内
15471,キャプタン・ホセチル水和剤,アリエッティＣ水和剤,殺菌剤,1983/3/29,ぶどう,黒とう病,散布,400～800倍,400,800,32,収穫30日前まで,200～700L/10a,200,700,5,3回以内,captan/fosetyl-al,M4/P07,,キャプタンを含む農薬の総使用回数：3回以内,ホセチルを含む農薬の総使用回数：3回以内
15471,キャプタン・ホセチル水和剤,アリエッティＣ水和剤,殺菌剤,1983/3/29,ぶどう,灰色かび病,散布,800倍,800,800,32,収穫30日前まで,200～700L/10a,200,700,5,3回以内,captan/fosetyl-al,M4/P07,,キャプタンを含む農薬の総使用回数：3回以内,ホセチルを含む農薬の総使用回数：3回以内
15548,ホセチル水和剤,アリエッティ水和剤,殺菌剤,1983/7/21,ぶどう,べと病,散布,800倍,800,800,32,収穫30日前まで,200～700L/10a,200,700,5,3回以内,fosetyl-al,P07,,ホセチルを含む農薬の総使用回数：3回以内,
15850,石灰硫黄合剤,細井石灰硫黄合剤,殺菌剤,1984/9/28,果樹類,ハダニ類,散布,80～200倍,80,200,32,夏期,,,,,-,calcium-polysulphide,,要確認: FRAC PDF に石灰硫黄合剤の記載なし（M2 の可能性）,,
15850,石灰硫黄合剤,細井石灰硫黄合剤,殺菌剤,1984/9/28,果樹類,サビダニ類,散布,80～200倍,80,200,32,夏期,,,,,-,calcium-polysulphide,,要確認: FRAC PDF に石灰硫黄合剤の記載なし（M2 の可能性）,,
15850,石灰硫黄合剤,細井石灰硫黄合剤,殺菌剤,1984/9/28,果樹類,ハダニ類,散布,20～40倍,20,40,32,冬期,,,,,-,calcium-polysulphide,,要確認: FRAC PDF に石灰硫黄合剤の記載なし（M2 の可能性）,,
15850,石灰硫黄合剤,細井石灰硫黄合剤,殺菌剤,1984/9/28,果樹類,サビダニ類,散布,20～40倍,20,40,32,冬期,,,,,-,calcium-polysulphide,,要確認: FRAC PDF に石灰硫黄合剤の記載なし（M2 の可能性）,,
16255,ノニルフェノールスルホン酸銅水和剤,ヨネポン水和剤,殺菌剤,1986/1/31,ぶどう,べと病,散布,800～1000倍,800,1000,32,開花前まで,200～300L/10a,200,300,5,2回以内,copper,M1,有機銅: PDF の copper 注記「有機銅錯体にも当てはまる」に基づき M1（推定）,ノニルフェノールスルホン酸銅を含む農薬の総使用回数：3回以内(萌芽前は1回以内、萌芽後は2回以内),
16255,ノニルフェノールスルホン酸銅水和剤,ヨネポン水和剤,殺菌剤,1986/1/31,ぶどう,べと病,散布,800～1000倍,800,1000,32,袋掛け後但し、収穫21日前まで,200～300L/10a,200,300,5,2回以内,copper,M1,有機銅: PDF の copper 注記「有機銅錯体にも当てはまる」に基づき M1（推定）,ノニルフェノールスルホン酸銅を含む農薬の総使用回数：3回以内(萌芽前は1回以内、萌芽後は2回以内),
16300,トリフルミゾール水和剤,トリフミン水和剤,殺菌剤,1986/4/14,ぶどう,うどんこ病,散布,2000～3000倍,2000,3000,32,収穫7日前まで,200～700L/10a,200,700,5,3回以内,triflumizole,3,,トリフルミゾールを含む農薬の総使用回数：3回以内,
16300,トリフルミゾール水和剤,トリフミン水和剤,殺菌剤,1986/4/14,ぶどう,黒とう病,散布,2000倍,2000,2000,32,収穫7日前まで,200～700L/10a,200,700,5,3回以内,triflumizole,3,,トリフルミゾールを含む農薬の総使用回数：3回以内,
16300,トリフルミゾール水和剤,トリフミン水和剤,殺菌剤,1986/4/14,ぶどう,褐斑病,散布,2000倍,2000,2000,32,収穫7日前まで,200～700L/10a,200,700,5,3回以内,triflumizole,3,,トリフルミゾールを含む農薬の総使用回数：3回以内,
16301,トリフルミゾール水和剤,石原トリフミン水和剤,殺菌剤,1986/4/14,ぶどう,うどんこ病,散布,2000～3000倍,2000,3000,32,収穫7日前まで,200～700L/10a,200,700,5,3回以内,triflumizole,3,,トリフルミゾールを含む農薬の総使用回数：3回以内,
16301,トリフルミゾール水和剤,石原トリフミン水和剤,殺菌剤,1986/4/14,ぶどう,黒とう病,散布,2000倍,2000,2000,32,収穫7日前まで,200～700L/10a,200,700,5,3回以内,triflumizole,3,,トリフルミゾールを含む農薬の総使用回数：3回以内,
16301,トリフルミゾール水和剤,石原トリフミン水和剤,殺菌剤,1986/4/14,ぶどう,褐斑病,散布,2000倍,2000,2000,32,収穫7日前まで,200～700L/10a,200,700,5,3回以内,triflumizole,3,,トリフルミゾールを含む農薬の総使用回数：3回以内,
17697,ジエトフェンカルブ・チオファネートメチル水和剤,住化ゲッター水和剤,殺菌剤,1990/11/7,ぶどう,灰色かび病,散布,1000～1500倍,1000,1500,32,収穫45日前まで,200～700L/10a,200,700,5,1回,diethofencarb/thiophanate-methyl,10月1日,,ジエトフェンカルブを含む農薬の総使用回数：3回以内,チオファネートメチルを含む農薬の総使用回数：5回以内(塗布は3回以内､休眠期の散布は1回以内､生育期の散布は1回以内)
17698,ジエトフェンカルブ・チオファネートメチル水和剤,日曹ゲッター水和剤,殺菌剤,1990/11/7,ぶどう,灰色かび病,散布,1000～1500倍,1000,1500,32,収穫45日前まで,200～700L/10a,200,700,5,1回,diethofencarb/thiophanate-methyl,10月1日,,ジエトフェンカルブを含む農薬の総使用回数：3回以内,チオファネートメチルを含む農薬の総使用回数：5回以内(塗布は3回以内､休眠期の散布は1回以内､生育期の散布は1回以内)
17831,有機銅水和剤,キノンドーフロアブル,殺菌剤,1991/4/22,ぶどう,枝膨病,散布,600倍,600,600,32,収穫45日前まで,200～700L/10a,200,700,5,4回以内(開花後は1回),copper,M1,有機銅: PDF の copper 注記「有機銅錯体にも当てはまる」に基づき M1（推定）,有機銅を含む農薬の総使用回数：7回以内(塗布は3回以内､散布は4回以内(但し､開花後は1回以内)),
17831,有機銅水和剤,キノンドーフロアブル,殺菌剤,1991/4/22,ぶどう,黒とう病,散布,600倍,600,600,32,収穫45日前まで,200～700L/10a,200,700,5,4回以内(開花後は1回),copper,M1,有機銅: PDF の copper 注記「有機銅錯体にも当てはまる」に基づき M1（推定）,有機銅を含む農薬の総使用回数：7回以内(塗布は3回以内､散布は4回以内(但し､開花後は1回以内)),
17831,有機銅水和剤,キノンドーフロアブル,殺菌剤,1991/4/22,ぶどう,べと病,散布,600倍,600,600,32,収穫45日前まで,200～700L/10a,200,700,5,4回以内(開花後は1回),copper,M1,有機銅: PDF の copper 注記「有機銅錯体にも当てはまる」に基づき M1（推定）,有機銅を含む農薬の総使用回数：7回以内(塗布は3回以内､散布は4回以内(但し､開花後は1回以内)),
17914,イプロジオンくん煙剤,新富士ロブラールくん煙剤,殺菌剤,1991/9/26,ぶどう,灰色かび病,くん煙,くん煙室容積300～400m3(高さ2m､床面積150～200㎡)当り100g(50g×2個),,,,開花直前～幼果期,,,,,3回以内,iprodione,2,,イプロジオンを含む農薬の総使用回数：3回以内,
17915,イプロジオンくん煙剤,ロブラールくん煙剤,殺菌剤,1991/9/26,ぶどう,灰色かび病,くん煙,くん煙室容積300～400m3(高さ2m､床面積150～200㎡)当り100g(50g×2個),,,,開花直前～幼果期,,,,,3回以内,iprodione,2,,イプロジオンを含む農薬の総使用回数：3回以内,
18230,有機銅水和剤,ドキリンフロアブル,殺菌剤,1992/11/24,ぶどう,黒とう病,散布,600倍,600,600,32,収穫45日前まで,200～700L/10a,200,700,5,4回以内(開花後は1回),copper,M1,有機銅: PDF の copper 注記「有機銅錯体にも当てはまる」に基づき M1（推定）,有機銅を含む農薬の総使用回数：7回以内(塗布は3回以内､散布は4回以内(但し､開花後は1回以内)),
18230,有機銅水和剤,ドキリンフロアブル,殺菌剤,1992/11/24,ぶどう,枝膨病,散布,600倍,600,600,32,収穫45日前まで,200～700L/10a,200,700,5,4回以内(開花後は1回),copper,M1,有機銅: PDF の copper 注記「有機銅錯体にも当てはまる」に基づき M1（推定）,有機銅を含む農薬の総使用回数：7回以内(塗布は3回以内､散布は4回以内(但し､開花後は1回以内)),
18230,有機銅水和剤,ドキリンフロアブル,殺菌剤,1992/11/24,ぶどう,べと病,散布,600倍,600,600,32,収穫45日前まで,200～700L/10a,200,700,5,4回以内(開花後は1回),copper,M1,有機銅: PDF の copper 注記「有機銅錯体にも当てはまる」に基づき M1（推定）,有機銅を含む農薬の総使用回数：7回以内(塗布は3回以内､散布は4回以内(但し､開花後は1回以内)),
18645,銅水和剤,ＩＣボルドー６６Ｄ,殺菌剤,1994/3/22,ぶどう,べと病,無人航空機による散布,2倍,2,2,32,発病前～発病初期,20L/10a,20,20,5,-,copper,M1,,,
18645,銅水和剤,ＩＣボルドー６６Ｄ,殺菌剤,1994/3/22,ぶどう,晩腐病,無人航空機による散布,2倍,2,2,32,発病前～発病初期,20L/10a,20,20,5,-,copper,M1,,,
18645,銅水和剤,ＩＣボルドー６６Ｄ,殺菌剤,1994/3/22,ぶどう,黒とう病,無人航空機による散布,2倍,2,2,32,発病前～発病初期,20L/10a,20,20,5,-,copper,M1,,,
18645,銅水和剤,ＩＣボルドー６６Ｄ,殺菌剤,1994/3/22,ぶどう,さび病,無人航空機による散布,2倍,2,2,32,発病前～発病初期,20L/10a,20,20,5,-,copper,M1,,,
18645,銅水和剤,ＩＣボルドー６６Ｄ,殺菌剤,1994/3/22,ぶどう,べと病,無人航空機による散布,4倍,4,4,32,発病前～発病初期,40L/10a,40,40,5,-,copper,M1,,,
18645,銅水和剤,ＩＣボルドー６６Ｄ,殺菌剤,1994/3/22,ぶどう,晩腐病,無人航空機による散布,4倍,4,4,32,発病前～発病初期,40L/10a,40,40,5,-,copper,M1,,,
18645,銅水和剤,ＩＣボルドー６６Ｄ,殺菌剤,1994/3/22,ぶどう,黒とう病,無人航空機による散布,4倍,4,4,32,発病前～発病初期,40L/10a,40,40,5,-,copper,M1,,,
18645,銅水和剤,ＩＣボルドー６６Ｄ,殺菌剤,1994/3/22,ぶどう,さび病,無人航空機による散布,4倍,4,4,32,発病前～発病初期,40L/10a,40,40,5,-,copper,M1,,,
18645,銅水和剤,ＩＣボルドー６６Ｄ,殺菌剤,1994/3/22,ぶどう,べと病,無人航空機による散布,6倍,6,6,32,発病前～発病初期,60L/10a,60,60,5,-,copper,M1,,,
18645,銅水和剤,ＩＣボルドー６６Ｄ,殺菌剤,1994/3/22,ぶどう,晩腐病,無人航空機による散布,6倍,6,6,32,発病前～発病初期,60L/10a,60,60,5,-,copper,M1,,,
18645,銅水和剤,ＩＣボルドー６６Ｄ,殺菌剤,1994/3/22,ぶどう,黒とう病,無人航空機による散布,6倍,6,6,32,発病前～発病初期,60L/10a,60,60,5,-,copper,M1,,,
18645,銅水和剤,ＩＣボルドー６６Ｄ,殺菌剤,1994/3/22,ぶどう,さび病,無人航空機による散布,6倍,6,6,32,発病前～発病初期,60L/10a,60,60,5,-,copper,M1,,,
18645,銅水和剤,ＩＣボルドー６６Ｄ,殺菌剤,1994/3/22,ぶどう,べと病,散布,25～200倍,25,200,32,発病前～発病初期,200～700L/10a,200,700,5,-,copper,M1,,,
18645,銅水和剤,ＩＣボルドー６６Ｄ,殺菌剤,1994/3/22,ぶどう,さび病,散布,50倍,50,50,32,発病前～発病初期,200～700L/10a,200,700,5,-,copper,M1,,,
18645,銅水和剤,ＩＣボルドー６６Ｄ,殺菌剤,1994/3/22,ぶどう,黒とう病,散布,50倍,50,50,32,発病前～発病初期,200～700L/10a,200,700,5,-,copper,M1,,,
18645,銅水和剤,ＩＣボルドー６６Ｄ,殺菌剤,1994/3/22,ぶどう,晩腐病,散布,100倍,100,100,32,発病前～発病初期,200～700L/10a,200,700,5,-,copper,M1,,,
18646,銅水和剤,ＩＣボルドー４８Ｑ,殺菌剤,1994/3/22,ぶどう,べと病,散布,25～50倍,25,50,32,-,200～700L/10a,200,700,5,-,copper,M1,,,
18684,イミベンコナゾール水和剤,マネージ水和剤,殺菌剤,1994/4/8,ぶどう,黒とう病,散布,2000～3000倍,2000,3000,32,収穫21日前まで,200～700L/10a,200,700,5,3回以内,imibenconazole,3,,イミベンコナゾールを含む農薬の総使用回数：3回以内,
18684,イミベンコナゾール水和剤,マネージ水和剤,殺菌剤,1994/4/8,ぶどう,うどんこ病,散布,2000～3000倍,2000,3000,32,収穫21日前まで,200～700L/10a,200,700,5,3回以内,imibenconazole,3,,イミベンコナゾールを含む農薬の総使用回数：3回以内,
18684,イミベンコナゾール水和剤,マネージ水和剤,殺菌剤,1994/4/8,ぶどう,ペスタロチアつる枯病,散布,2000倍,2000,2000,32,収穫21日前まで,200～300L/10a,200,300,5,3回以内,imibenconazole,3,,イミベンコナゾールを含む農薬の総使用回数：3回以内,
18750,フルアジナム水和剤,石原フロンサイドＳＣ,殺菌剤,1994/6/28,ぶどう,晩腐病,散布,2000倍,2000,2000,32,開花直前～落弁期 但し､収穫60日前まで,200～700L/10a,200,700,5,1回,fluazinam,29,PDF: 日本で灰色かび病菌の耐性が主張されている,フルアジナムを含む農薬の総使用回数：2回以内(散布は1回以内､土壌灌注は1回以内),
18750,フルアジナム水和剤,石原フロンサイドＳＣ,殺菌剤,1994/6/28,ぶどう,黒とう病,散布,2000倍,2000,2000,32,開花直前～落弁期 但し､収穫60日前まで,200～700L/10a,200,700,5,1回,fluazinam,29,PDF: 日本で灰色かび病菌の耐性が主張されている,フルアジナムを含む農薬の総使用回数：2回以内(散布は1回以内､土壌灌注は1回以内),
18750,フルアジナム水和剤,石原フロンサイドＳＣ,殺菌剤,1994/6/28,ぶどう,べと病,散布,2000倍,2000,2000,32,開花直前～落弁期 但し､収穫60日前まで,200～700L/10a,200,700,5,1回,fluazinam,29,PDF: 日本で灰色かび病菌の耐性が主張されている,フルアジナムを含む農薬の総使用回数：2回以内(散布は1回以内､土壌灌注は1回以内),
18750,フルアジナム水和剤,石原フロンサイドＳＣ,殺菌剤,1994/6/28,ぶどう,灰色かび病,散布,2000倍,2000,2000,32,開花直前～落弁期 但し､収穫60日前まで,200～700L/10a,200,700,5,1回,fluazinam,29,PDF: 日本で灰色かび病菌の耐性が主張されている,フルアジナムを含む農薬の総使用回数：2回以内(散布は1回以内､土壌灌注は1回以内),
18750,フルアジナム水和剤,石原フロンサイドＳＣ,殺菌剤,1994/6/28,ぶどう,枝膨病,散布,2000倍,2000,2000,32,開花直前～落弁期 但し､収穫60日前まで,200～700L/10a,200,700,5,1回,fluazinam,29,PDF: 日本で灰色かび病菌の耐性が主張されている,フルアジナムを含む農薬の総使用回数：2回以内(散布は1回以内､土壌灌注は1回以内),
18750,フルアジナム水和剤,石原フロンサイドＳＣ,殺菌剤,1994/6/28,ぶどう,白紋羽病,土壌灌注,500倍,500,500,32,収穫21日前まで,50～100L/樹,50,100,9,1回,fluazinam,29,PDF: 日本で灰色かび病菌の耐性が主張されている,フルアジナムを含む農薬の総使用回数：2回以内(散布は1回以内､土壌灌注は1回以内),
18750,フルアジナム水和剤,石原フロンサイドＳＣ,殺菌剤,1994/6/28,ぶどう,白紋羽病,土壌灌注,1000倍,1000,1000,32,収穫21日前まで,100～200L/樹,100,200,9,1回,fluazinam,29,PDF: 日本で灰色かび病菌の耐性が主張されている,フルアジナムを含む農薬の総使用回数：2回以内(散布は1回以内､土壌灌注は1回以内),
18751,フルアジナム水和剤,日曹フロンサイドＳＣ,殺菌剤,1994/6/28,ぶどう,晩腐病,散布,2000倍,2000,2000,32,開花直前～落弁期 但し､収穫60日前まで,200～700L/10a,200,700,5,1回,fluazinam,29,PDF: 日本で灰色かび病菌の耐性が主張されている,フルアジナムを含む農薬の総使用回数：2回以内(散布は1回以内､土壌灌注は1回以内),
18751,フルアジナム水和剤,日曹フロンサイドＳＣ,殺菌剤,1994/6/28,ぶどう,黒とう病,散布,2000倍,2000,2000,32,開花直前～落弁期 但し､収穫60日前まで,200～700L/10a,200,700,5,1回,fluazinam,29,PDF: 日本で灰色かび病菌の耐性が主張されている,フルアジナムを含む農薬の総使用回数：2回以内(散布は1回以内､土壌灌注は1回以内),
18751,フルアジナム水和剤,日曹フロンサイドＳＣ,殺菌剤,1994/6/28,ぶどう,べと病,散布,2000倍,2000,2000,32,開花直前～落弁期 但し､収穫60日前まで,200～700L/10a,200,700,5,1回,fluazinam,29,PDF: 日本で灰色かび病菌の耐性が主張されている,フルアジナムを含む農薬の総使用回数：2回以内(散布は1回以内､土壌灌注は1回以内),
18751,フルアジナム水和剤,日曹フロンサイドＳＣ,殺菌剤,1994/6/28,ぶどう,灰色かび病,散布,2000倍,2000,2000,32,開花直前～落弁期 但し､収穫60日前まで,200～700L/10a,200,700,5,1回,fluazinam,29,PDF: 日本で灰色かび病菌の耐性が主張されている,フルアジナムを含む農薬の総使用回数：2回以内(散布は1回以内､土壌灌注は1回以内),
18751,フルアジナム水和剤,日曹フロンサイドＳＣ,殺菌剤,1994/6/28,ぶどう,枝膨病,散布,2000倍,2000,2000,32,開花直前～落弁期 但し､収穫60日前まで,200～700L/10a,200,700,5,1回,fluazinam,29,PDF: 日本で灰色かび病菌の耐性が主張されている,フルアジナムを含む農薬の総使用回数：2回以内(散布は1回以内､土壌灌注は1回以内),
18751,フルアジナム水和剤,日曹フロンサイドＳＣ,殺菌剤,1994/6/28,ぶどう,白紋羽病,土壌灌注,500倍,500,500,32,収穫21日前まで,50～100L/樹,50,100,9,1回,fluazinam,29,PDF: 日本で灰色かび病菌の耐性が主張されている,フルアジナムを含む農薬の総使用回数：2回以内(散布は1回以内､土壌灌注は1回以内),
18751,フルアジナム水和剤,日曹フロンサイドＳＣ,殺菌剤,1994/6/28,ぶどう,白紋羽病,土壌灌注,1000倍,1000,1000,32,収穫21日前まで,100～200L/樹,100,200,9,1回,fluazinam,29,PDF: 日本で灰色かび病菌の耐性が主張されている,フルアジナムを含む農薬の総使用回数：2回以内(散布は1回以内､土壌灌注は1回以内),
18848,マンゼブ水和剤,クミアイペンコゼブフロアブル,殺菌剤,1994/11/28,ぶどう,べと病,散布,1000倍,1000,1000,32,収穫45日前まで,200～700L/10a,200,700,5,2回以内,mancozeb,M3,,マンゼブを含む農薬の総使用回数：2回以内,
18848,マンゼブ水和剤,クミアイペンコゼブフロアブル,殺菌剤,1994/11/28,ぶどう,黒とう病,散布,1000倍,1000,1000,32,収穫45日前まで,200～700L/10a,200,700,5,2回以内,mancozeb,M3,,マンゼブを含む農薬の総使用回数：2回以内,
18848,マンゼブ水和剤,クミアイペンコゼブフロアブル,殺菌剤,1994/11/28,ぶどう,晩腐病,散布,1000倍,1000,1000,32,収穫45日前まで,200～700L/10a,200,700,5,2回以内,mancozeb,M3,,マンゼブを含む農薬の総使用回数：2回以内,
18848,マンゼブ水和剤,クミアイペンコゼブフロアブル,殺菌剤,1994/11/28,ぶどう,褐斑病,散布,1000倍,1000,1000,32,収穫45日前まで,200～700L/10a,200,700,5,2回以内,mancozeb,M3,,マンゼブを含む農薬の総使用回数：2回以内,
19100,メパニピリム水和剤,フルピカフロアブル,殺菌剤,1995/11/28,ぶどう,灰色かび病,散布,2000～3000倍,2000,3000,32,収穫30日前まで,200～700L/10a,200,700,5,2回以内,mepanipyrim,9,,メパニピリムを含む農薬の総使用回数：2回以内,
19100,メパニピリム水和剤,フルピカフロアブル,殺菌剤,1995/11/28,ぶどう,うどんこ病,散布,2000～3000倍,2000,3000,32,収穫30日前まで,200～700L/10a,200,700,5,2回以内,mepanipyrim,9,,メパニピリムを含む農薬の総使用回数：2回以内,
19426,フルジオキソニル水和剤,セイビアーフロアブル２０,殺菌剤,1996/10/29,ぶどう,晩腐病,散布,1000～2000倍,1000,2000,32,収穫21日前まで,200～700L/10a,200,700,5,3回以内,fludioxonil,12,,フルジオキソニルを含む農薬の総使用回数：3回以内,
19426,フルジオキソニル水和剤,セイビアーフロアブル２０,殺菌剤,1996/10/29,ぶどう,灰色かび病,散布,1000～2000倍,1000,2000,32,収穫21日前まで,200～700L/10a,200,700,5,3回以内,fludioxonil,12,,フルジオキソニルを含む農薬の総使用回数：3回以内,
19426,フルジオキソニル水和剤,セイビアーフロアブル２０,殺菌剤,1996/10/29,ぶどう,黒とう病,散布,1000～2000倍,1000,2000,32,収穫21日前まで,200～700L/10a,200,700,5,3回以内,fludioxonil,12,,フルジオキソニルを含む農薬の総使用回数：3回以内,
19426,フルジオキソニル水和剤,セイビアーフロアブル２０,殺菌剤,1996/10/29,ぶどう,白腐病,散布,1000倍,1000,1000,32,収穫21日前まで,200～700L/10a,200,700,5,3回以内,fludioxonil,12,,フルジオキソニルを含む農薬の総使用回数：3回以内,
19426,フルジオキソニル水和剤,セイビアーフロアブル２０,殺菌剤,1996/10/29,ぶどう,綿房病,散布,1000倍,1000,1000,32,収穫21日前まで,200～700L/10a,200,700,5,3回以内,fludioxonil,12,,フルジオキソニルを含む農薬の総使用回数：3回以内,
19436,マンゼブ水和剤,ジマンダイセンフロアブル,殺菌剤,1996/11/15,ぶどう,べと病,散布,800～1000倍,800,1000,32,収穫45日前まで,200～700L/10a,200,700,5,2回以内,mancozeb,M3,,マンゼブを含む農薬の総使用回数：2回以内,
19436,マンゼブ水和剤,ジマンダイセンフロアブル,殺菌剤,1996/11/15,ぶどう,黒とう病,散布,800倍,800,800,32,収穫45日前まで,200～700L/10a,200,700,5,2回以内,mancozeb,M3,,マンゼブを含む農薬の総使用回数：2回以内,
19436,マンゼブ水和剤,ジマンダイセンフロアブル,殺菌剤,1996/11/15,ぶどう,晩腐病,散布,800～1000倍,800,1000,32,収穫45日前まで,200～700L/10a,200,700,5,2回以内,mancozeb,M3,,マンゼブを含む農薬の総使用回数：2回以内,
19437,マンゼブ水和剤,日農ジマンダイセンフロアブル,殺菌剤,1996/11/15,ぶどう,べと病,散布,800～1000倍,800,1000,32,収穫45日前まで,200～700L/10a,200,700,5,2回以内,mancozeb,M3,,マンゼブを含む農薬の総使用回数：2回以内,
19437,マンゼブ水和剤,日農ジマンダイセンフロアブル,殺菌剤,1996/11/15,ぶどう,黒とう病,散布,800倍,800,800,32,収穫45日前まで,200～700L/10a,200,700,5,2回以内,mancozeb,M3,,マンゼブを含む農薬の総使用回数：2回以内,
19437,マンゼブ水和剤,日農ジマンダイセンフロアブル,殺菌剤,1996/11/15,ぶどう,晩腐病,散布,800～1000倍,800,1000,32,収穫45日前まで,200～700L/10a,200,700,5,2回以内,mancozeb,M3,,マンゼブを含む農薬の総使用回数：2回以内,
19454,イミベンコナゾール水和剤,マネージＤＦ,殺菌剤,1996/12/9,ぶどう,うどんこ病,散布,4000～6000倍,4000,6000,32,収穫21日前まで,200～700L/10a,200,700,5,3回以内,imibenconazole,3,,イミベンコナゾールを含む農薬の総使用回数：3回以内,
19454,イミベンコナゾール水和剤,マネージＤＦ,殺菌剤,1996/12/9,ぶどう,黒とう病,散布,4000～6000倍,4000,6000,32,収穫21日前まで,200～700L/10a,200,700,5,3回以内,imibenconazole,3,,イミベンコナゾールを含む農薬の総使用回数：3回以内,
19454,イミベンコナゾール水和剤,マネージＤＦ,殺菌剤,1996/12/9,ぶどう,さび病,散布,4000～6000倍,4000,6000,32,収穫21日前まで,200～700L/10a,200,700,5,3回以内,imibenconazole,3,,イミベンコナゾールを含む農薬の総使用回数：3回以内,
19507,ジメトモルフ水和剤,フェスティバル水和剤,殺菌剤,1997/1/31,小粒種ぶどう,べと病,散布,2000倍,2000,2000,32,収穫45日前まで,200～700L/10a,200,700,5,2回以内,dimethomorph,40,,ジメトモルフを含む農薬の総使用回数：2回以内,
19507,ジメトモルフ水和剤,フェスティバル水和剤,殺菌剤,1997/1/31,大粒種ぶどう,べと病,散布,2000倍,2000,2000,32,収穫30日前まで,200～700L/10a,200,700,5,2回以内,dimethomorph,40,,ジメトモルフを含む農薬の総使用回数：2回以内,
19510,ジメトモルフ・銅水和剤,ホクコーフェスティバルＣ水和剤,殺菌剤,1997/1/31,大粒種ぶどう,べと病,散布,600倍,600,600,32,収穫30日前まで,200～700L/10a,200,700,5,2回以内,dimethomorph/copper,40/M1,,ジメトモルフを含む農薬の総使用回数：2回以内,
19510,ジメトモルフ・銅水和剤,ホクコーフェスティバルＣ水和剤,殺菌剤,1997/1/31,小粒種ぶどう,べと病,散布,600倍,600,600,32,収穫45日前まで,200～700L/10a,200,700,5,2回以内,dimethomorph/copper,40/M1,,ジメトモルフを含む農薬の総使用回数：2回以内,
19779,シモキサニル・マンゼブ水和剤,クミアイカーゼートＰＺ水和剤,殺菌剤,1997/11/17,ぶどう,べと病,散布,1000～1500倍,1000,1500,32,収穫45日前まで,200～700L/10a,200,700,5,2回以内,cymoxanil/mancozeb,27/M3,,シモキサニルを含む農薬の総使用回数：3回以内,マンゼブを含む農薬の総使用回数：2回以内
19783,チオファネートメチル水和剤,家庭園芸用トップジンＭゾル,殺菌剤,1997/11/17,ぶどう,黒とう病,散布,1000倍,1000,1000,32,収穫45日前まで,200～700L/10a,200,700,5,1回,thiophanate-methyl,1,,チオファネートメチルを含む農薬の総使用回数：5回以内(塗布は3回以内､休眠期の散布は1回以内､生育期の散布は1回以内),
19887,メパニピリムくん煙剤,フルピカくん煙剤,殺菌剤,1998/1/12,ぶどう,灰色かび病,くん煙(通常10～15時間),くん煙室容積500m3(床面積250㎡×高さ2m)当り50g(1錠),,,,収穫30日前まで,,,,,2回以内,mepanipyrim,9,,メパニピリムを含む農薬の総使用回数：2回以内,
19888,メパニピリムくん煙剤,新富士フルピカくん煙剤,殺菌剤,1998/1/12,ぶどう,灰色かび病,くん煙(通常10～15時間),くん煙室容積500m3(床面積250㎡×高さ2m)当り50g(1錠),,,,収穫30日前まで,,,,,2回以内,mepanipyrim,9,,メパニピリムを含む農薬の総使用回数：2回以内,
20080,バチルス　ズブチリス水和剤,ボトキラー水和剤,殺菌剤,1998/12/9,ぶどう,灰色かび病,散布,1000倍,1000,1000,32,発病前～発病初期,200～700L/10a,200,700,5,-,bacillus-subtilis,BM02,"PDF に収録の株: AFS032321, Y1336, HAI-0404, RTI477。商品の株との一致はラベルで要確認",,
20080,バチルス　ズブチリス水和剤,ボトキラー水和剤,殺菌剤,1998/12/9,ぶどう,灰色かび病,ﾀﾞｸﾄ内投入,15g/10a/日,,,,発病前～発病初期,,,,,-,bacillus-subtilis,BM02,"PDF に収録の株: AFS032321, Y1336, HAI-0404, RTI477。商品の株との一致はラベルで要確認",,
20081,バチルス　ズブチリス水和剤,日農ボトキラー水和剤,殺菌剤,1998/12/9,ぶどう,灰色かび病,散布,1000倍,1000,1000,32,発病前～発病初期,200～700L/10a,200,700,5,-,bacillus-subtilis,BM02,"PDF に収録の株: AFS032321, Y1336, HAI-0404, RTI477。商品の株との一致はラベルで要確認",,
20081,バチルス　ズブチリス水和剤,日農ボトキラー水和剤,殺菌剤,1998/12/9,ぶどう,灰色かび病,ﾀﾞｸﾄ内投入,15g/10a/日,,,,発病前～発病初期,,,,,-,bacillus-subtilis,BM02,"PDF に収録の株: AFS032321, Y1336, HAI-0404, RTI477。商品の株との一致はラベルで要確認",,
20211,フェンヘキサミド水和剤,パスワード顆粒水和剤,殺菌剤,1999/8/24,ぶどう,白腐病,散布,1000倍,1000,1000,32,収穫14日前まで,200～700L/10a,200,700,5,2回以内,fenhexamid,17,,フェンヘキサミドを含む農薬の総使用回数：2回以内,
20211,フェンヘキサミド水和剤,パスワード顆粒水和剤,殺菌剤,1999/8/24,ぶどう,灰色かび病,散布,1000～1500倍,1000,1500,32,収穫14日前まで,200～700L/10a,200,700,5,2回以内,fenhexamid,17,,フェンヘキサミドを含む農薬の総使用回数：2回以内,
20237,イミノクタジンアルベシル酸塩・キャプタン水和剤,ダイパワー水和剤,殺菌剤,1999/9/10,ぶどう,べと病,散布,1000倍,1000,1000,32,収穫60日前まで,200～700L/10a,200,700,5,2回以内,iminoctadine/captan,M7/M4,,イミノクタジンを含む農薬の総使用回数：3回以内(休眠期は1回以内､生育期は2回以内),キャプタンを含む農薬の総使用回数：3回以内
20237,イミノクタジンアルベシル酸塩・キャプタン水和剤,ダイパワー水和剤,殺菌剤,1999/9/10,ぶどう,黒とう病,散布,1000倍,1000,1000,32,収穫60日前まで,200～700L/10a,200,700,5,2回以内,iminoctadine/captan,M7/M4,,イミノクタジンを含む農薬の総使用回数：3回以内(休眠期は1回以内､生育期は2回以内),キャプタンを含む農薬の総使用回数：3回以内
20237,イミノクタジンアルベシル酸塩・キャプタン水和剤,ダイパワー水和剤,殺菌剤,1999/9/10,ぶどう,晩腐病,散布,1000倍,1000,1000,32,収穫60日前まで,200～700L/10a,200,700,5,2回以内,iminoctadine/captan,M7/M4,,イミノクタジンを含む農薬の総使用回数：3回以内(休眠期は1回以内､生育期は2回以内),キャプタンを含む農薬の総使用回数：3回以内
20353,シモキサニル・ファモキサドン水和剤,ホライズンドライフロアブル,殺菌剤,2000/4/28,ぶどう,べと病,散布,2500～5000倍,2500,5000,32,収穫21日前まで,200～700L/10a,200,700,5,3回以内,cymoxanil/famoxadone,11月27日,,シモキサニルを含む農薬の総使用回数：3回以内,ファモキサドンを含む農薬の総使用回数：3回以内
20353,シモキサニル・ファモキサドン水和剤,ホライズンドライフロアブル,殺菌剤,2000/4/28,ぶどう,晩腐病,散布,2500倍,2500,2500,32,収穫21日前まで,200～700L/10a,200,700,5,3回以内,cymoxanil/famoxadone,11月27日,,シモキサニルを含む農薬の総使用回数：3回以内,ファモキサドンを含む農薬の総使用回数：3回以内
20353,シモキサニル・ファモキサドン水和剤,ホライズンドライフロアブル,殺菌剤,2000/4/28,ぶどう,黒とう病,散布,2500倍,2500,2500,32,収穫21日前まで,200～700L/10a,200,700,5,3回以内,cymoxanil/famoxadone,11月27日,,シモキサニルを含む農薬の総使用回数：3回以内,ファモキサドンを含む農薬の総使用回数：3回以内
20353,シモキサニル・ファモキサドン水和剤,ホライズンドライフロアブル,殺菌剤,2000/4/28,ぶどう,褐斑病,散布,2500倍,2500,2500,32,収穫21日前まで,200～700L/10a,200,700,5,3回以内,cymoxanil/famoxadone,11月27日,,シモキサニルを含む農薬の総使用回数：3回以内,ファモキサドンを含む農薬の総使用回数：3回以内
20354,シモキサニル・ファモキサドン水和剤,日産ホライズンドライフロアブル,殺菌剤,2000/4/28,ぶどう,べと病,散布,2500～5000倍,2500,5000,32,収穫21日前まで,200～700L/10a,200,700,5,3回以内,cymoxanil/famoxadone,11月27日,,シモキサニルを含む農薬の総使用回数：3回以内,ファモキサドンを含む農薬の総使用回数：3回以内
20354,シモキサニル・ファモキサドン水和剤,日産ホライズンドライフロアブル,殺菌剤,2000/4/28,ぶどう,晩腐病,散布,2500倍,2500,2500,32,収穫21日前まで,200～700L/10a,200,700,5,3回以内,cymoxanil/famoxadone,11月27日,,シモキサニルを含む農薬の総使用回数：3回以内,ファモキサドンを含む農薬の総使用回数：3回以内
20354,シモキサニル・ファモキサドン水和剤,日産ホライズンドライフロアブル,殺菌剤,2000/4/28,ぶどう,黒とう病,散布,2500倍,2500,2500,32,収穫21日前まで,200～700L/10a,200,700,5,3回以内,cymoxanil/famoxadone,11月27日,,シモキサニルを含む農薬の総使用回数：3回以内,ファモキサドンを含む農薬の総使用回数：3回以内
20354,シモキサニル・ファモキサドン水和剤,日産ホライズンドライフロアブル,殺菌剤,2000/4/28,ぶどう,褐斑病,散布,2500倍,2500,2500,32,収穫21日前まで,200～700L/10a,200,700,5,3回以内,cymoxanil/famoxadone,11月27日,,シモキサニルを含む農薬の総使用回数：3回以内,ファモキサドンを含む農薬の総使用回数：3回以内
20358,オキスポコナゾールフマル酸塩水和剤,オーシャイン水和剤,殺菌剤,2000/4/28,ぶどう,うどんこ病,散布,2000～3000倍,2000,3000,32,収穫7日前まで,200～700L/10a,200,700,5,2回以内,oxpoconazole,3,,オキスポコナゾールフマル酸塩を含む農薬の総使用回数：2回以内,
20358,オキスポコナゾールフマル酸塩水和剤,オーシャイン水和剤,殺菌剤,2000/4/28,ぶどう,黒とう病,散布,2000～3000倍,2000,3000,32,収穫7日前まで,200～700L/10a,200,700,5,2回以内,oxpoconazole,3,,オキスポコナゾールフマル酸塩を含む農薬の総使用回数：2回以内,
20358,オキスポコナゾールフマル酸塩水和剤,オーシャイン水和剤,殺菌剤,2000/4/28,ぶどう,灰色かび病,散布,2000倍,2000,2000,32,収穫7日前まで,200～700L/10a,200,700,5,2回以内,oxpoconazole,3,,オキスポコナゾールフマル酸塩を含む農薬の総使用回数：2回以内,
20358,オキスポコナゾールフマル酸塩水和剤,オーシャイン水和剤,殺菌剤,2000/4/28,ぶどう,芽枯病,散布,1000倍,1000,1000,32,収穫30日前まで,200～700L/10a,200,700,5,2回以内,oxpoconazole,3,,オキスポコナゾールフマル酸塩を含む農薬の総使用回数：2回以内,
20577,アゾキシストロビン水和剤,アミスター１０フロアブル,殺菌剤,2001/1/30,ぶどう,黒とう病,散布,1000倍,1000,1000,32,収穫30日前まで,200～700L/10a,200,700,5,3回以内,azoxystrobin,11,,アゾキシストロビンを含む農薬の総使用回数：3回以内,
20577,アゾキシストロビン水和剤,アミスター１０フロアブル,殺菌剤,2001/1/30,ぶどう,灰色かび病,散布,1000倍,1000,1000,32,収穫30日前まで,200～700L/10a,200,700,5,3回以内,azoxystrobin,11,,アゾキシストロビンを含む農薬の総使用回数：3回以内,
20577,アゾキシストロビン水和剤,アミスター１０フロアブル,殺菌剤,2001/1/30,ぶどう,べと病,散布,1000倍,1000,1000,32,収穫30日前まで,200～700L/10a,200,700,5,3回以内,azoxystrobin,11,,アゾキシストロビンを含む農薬の総使用回数：3回以内,
20577,アゾキシストロビン水和剤,アミスター１０フロアブル,殺菌剤,2001/1/30,ぶどう,枝膨病,散布,1000倍,1000,1000,32,収穫30日前まで,200～700L/10a,200,700,5,3回以内,azoxystrobin,11,,アゾキシストロビンを含む農薬の総使用回数：3回以内,
20577,アゾキシストロビン水和剤,アミスター１０フロアブル,殺菌剤,2001/1/30,ぶどう,晩腐病,散布,1000倍,1000,1000,32,収穫30日前まで,200～700L/10a,200,700,5,3回以内,azoxystrobin,11,,アゾキシストロビンを含む農薬の総使用回数：3回以内,
20577,アゾキシストロビン水和剤,アミスター１０フロアブル,殺菌剤,2001/1/30,ぶどう,褐斑病,散布,1000倍,1000,1000,32,収穫30日前まで,200～700L/10a,200,700,5,3回以内,azoxystrobin,11,,アゾキシストロビンを含む農薬の総使用回数：3回以内,
20577,アゾキシストロビン水和剤,アミスター１０フロアブル,殺菌剤,2001/1/30,ぶどう,さび病,散布,1000倍,1000,1000,32,収穫30日前まで,200～700L/10a,200,700,5,3回以内,azoxystrobin,11,,アゾキシストロビンを含む農薬の総使用回数：3回以内,
20616,フェンブコナゾール水和剤,インダーフロアブル,殺菌剤,2001/4/26,ぶどう,黒とう病,散布,8000倍,8000,8000,32,収穫30日前まで,200～700L/10a,200,700,5,3回以内,fenbuconazole,3,,フェンブコナゾールを含む農薬の総使用回数：3回以内,
20616,フェンブコナゾール水和剤,インダーフロアブル,殺菌剤,2001/4/26,ぶどう,うどんこ病,散布,8000倍,8000,8000,32,収穫30日前まで,200～700L/10a,200,700,5,3回以内,fenbuconazole,3,,フェンブコナゾールを含む農薬の総使用回数：3回以内,
20616,フェンブコナゾール水和剤,インダーフロアブル,殺菌剤,2001/4/26,ぶどう,灰色かび病,散布,8000倍,8000,8000,32,収穫30日前まで,200～700L/10a,200,700,5,3回以内,fenbuconazole,3,,フェンブコナゾールを含む農薬の総使用回数：3回以内,
20616,フェンブコナゾール水和剤,インダーフロアブル,殺菌剤,2001/4/26,ぶどう,褐斑病,散布,8000倍,8000,8000,32,収穫30日前まで,200～700L/10a,200,700,5,3回以内,fenbuconazole,3,,フェンブコナゾールを含む農薬の総使用回数：3回以内,
20623,トリフロキシストロビン水和剤,フリントフロアブル２５,殺菌剤,2001/4/26,ぶどう,晩腐病,散布,500～1000倍,500,1000,32,休眠期,200～400L/10a,200,400,5,1回,trifloxystrobin,11,,トリフロキシストロビンを含む農薬の総使用回数：1回,
20623,トリフロキシストロビン水和剤,フリントフロアブル２５,殺菌剤,2001/4/26,ぶどう,黒とう病,散布,500～1000倍,500,1000,32,休眠期,200～400L/10a,200,400,5,1回,trifloxystrobin,11,,トリフロキシストロビンを含む農薬の総使用回数：1回,
20624,シアゾファミド水和剤,ランマンフロアブル,殺菌剤,2001/4/26,ぶどう,べと病,散布,1000～2000倍,1000,2000,32,収穫14日前まで,200～700L/10a,200,700,5,3回以内,cyazofamid,21,,シアゾファミドを含む農薬の総使用回数：3回以内,
20873,テブコナゾール水和剤,オンリーワンフロアブル,殺菌剤,2002/8/29,ぶどう,晩腐病,散布,2000倍,2000,2000,32,収穫前日まで,200～700L/10a,200,700,5,3回以内,tebuconazole,3,,テブコナゾールを含む農薬の総使用回数：3回以内,
20873,テブコナゾール水和剤,オンリーワンフロアブル,殺菌剤,2002/8/29,ぶどう,黒とう病,散布,2000倍,2000,2000,32,収穫前日まで,200～700L/10a,200,700,5,3回以内,tebuconazole,3,,テブコナゾールを含む農薬の総使用回数：3回以内,
20873,テブコナゾール水和剤,オンリーワンフロアブル,殺菌剤,2002/8/29,ぶどう,さび病,散布,2000倍,2000,2000,32,収穫前日まで,200～700L/10a,200,700,5,3回以内,tebuconazole,3,,テブコナゾールを含む農薬の総使用回数：3回以内,
20873,テブコナゾール水和剤,オンリーワンフロアブル,殺菌剤,2002/8/29,ぶどう,灰色かび病,散布,2000倍,2000,2000,32,収穫前日まで,200～700L/10a,200,700,5,3回以内,tebuconazole,3,,テブコナゾールを含む農薬の総使用回数：3回以内,
20873,テブコナゾール水和剤,オンリーワンフロアブル,殺菌剤,2002/8/29,ぶどう,うどんこ病,散布,2000倍,2000,2000,32,収穫前日まで,200～700L/10a,200,700,5,3回以内,tebuconazole,3,,テブコナゾールを含む農薬の総使用回数：3回以内,
20873,テブコナゾール水和剤,オンリーワンフロアブル,殺菌剤,2002/8/29,ぶどう,すす点病,散布,2000倍,2000,2000,32,収穫前日まで,200～700L/10a,200,700,5,3回以内,tebuconazole,3,,テブコナゾールを含む農薬の総使用回数：3回以内,
20873,テブコナゾール水和剤,オンリーワンフロアブル,殺菌剤,2002/8/29,ぶどう,褐斑病,散布,2000倍,2000,2000,32,収穫前日まで,200～700L/10a,200,700,5,3回以内,tebuconazole,3,,テブコナゾールを含む農薬の総使用回数：3回以内,
20873,テブコナゾール水和剤,オンリーワンフロアブル,殺菌剤,2002/8/29,ぶどう,白腐病,散布,2000倍,2000,2000,32,収穫前日まで,200～700L/10a,200,700,5,3回以内,tebuconazole,3,,テブコナゾールを含む農薬の総使用回数：3回以内,
20873,テブコナゾール水和剤,オンリーワンフロアブル,殺菌剤,2002/8/29,ぶどう,晩腐病,散布,500倍,500,500,32,収穫前日まで,50L/10a,50,50,5,3回以内,tebuconazole,3,,テブコナゾールを含む農薬の総使用回数：3回以内,
20873,テブコナゾール水和剤,オンリーワンフロアブル,殺菌剤,2002/8/29,ぶどう,黒とう病,散布,500倍,500,500,32,収穫前日まで,50L/10a,50,50,5,3回以内,tebuconazole,3,,テブコナゾールを含む農薬の総使用回数：3回以内,
20873,テブコナゾール水和剤,オンリーワンフロアブル,殺菌剤,2002/8/29,ぶどう,さび病,散布,500倍,500,500,32,収穫前日まで,50L/10a,50,50,5,3回以内,tebuconazole,3,,テブコナゾールを含む農薬の総使用回数：3回以内,
20873,テブコナゾール水和剤,オンリーワンフロアブル,殺菌剤,2002/8/29,ぶどう,灰色かび病,散布,500倍,500,500,32,収穫前日まで,50L/10a,50,50,5,3回以内,tebuconazole,3,,テブコナゾールを含む農薬の総使用回数：3回以内,
20873,テブコナゾール水和剤,オンリーワンフロアブル,殺菌剤,2002/8/29,ぶどう,うどんこ病,散布,500倍,500,500,32,収穫前日まで,50L/10a,50,50,5,3回以内,tebuconazole,3,,テブコナゾールを含む農薬の総使用回数：3回以内,
20873,テブコナゾール水和剤,オンリーワンフロアブル,殺菌剤,2002/8/29,ぶどう,すす点病,散布,500倍,500,500,32,収穫前日まで,50L/10a,50,50,5,3回以内,tebuconazole,3,,テブコナゾールを含む農薬の総使用回数：3回以内,
20873,テブコナゾール水和剤,オンリーワンフロアブル,殺菌剤,2002/8/29,ぶどう,褐斑病,散布,500倍,500,500,32,収穫前日まで,50L/10a,50,50,5,3回以内,tebuconazole,3,,テブコナゾールを含む農薬の総使用回数：3回以内,
20873,テブコナゾール水和剤,オンリーワンフロアブル,殺菌剤,2002/8/29,ぶどう,白腐病,散布,500倍,500,500,32,収穫前日まで,50L/10a,50,50,5,3回以内,tebuconazole,3,,テブコナゾールを含む農薬の総使用回数：3回以内,
20888,チウラム・ベノミル水和剤,ベンレートＴ水和剤２０,殺菌剤,2002/9/3,ぶどう,晩腐病,散布,80～200倍,80,200,32,休眠期,200～700L/10a,200,700,5,1回,thiram/benomyl,M3/1,,チウラムを含む農薬の総使用回数：3回以内(休眠期は1回以内､生育期は2回以内),ベノミルを含む農薬の総使用回数：4回以内(休眠期処理は1回以内､散布は3回以内)
20888,チウラム・ベノミル水和剤,ベンレートＴ水和剤２０,殺菌剤,2002/9/3,ぶどう,黒とう病,散布,80～200倍,80,200,32,休眠期,200～700L/10a,200,700,5,1回,thiram/benomyl,M3/1,,チウラムを含む農薬の総使用回数：3回以内(休眠期は1回以内､生育期は2回以内),ベノミルを含む農薬の総使用回数：4回以内(休眠期処理は1回以内､散布は3回以内)
20888,チウラム・ベノミル水和剤,ベンレートＴ水和剤２０,殺菌剤,2002/9/3,ぶどう,つる割病,散布,80倍,80,80,32,休眠期,200～700L/10a,200,700,5,1回,thiram/benomyl,M3/1,,チウラムを含む農薬の総使用回数：3回以内(休眠期は1回以内､生育期は2回以内),ベノミルを含む農薬の総使用回数：4回以内(休眠期処理は1回以内､散布は3回以内)
20889,ベノミル水和剤,ベンレート水和剤,殺菌剤,2002/9/3,ぶどう,褐斑病,散布,2000～3000倍,2000,3000,32,収穫45日前まで,200～700L/10a,200,700,5,3回以内,benomyl,1,,ベノミルを含む農薬の総使用回数：4回以内(休眠期処理は1回以内､散布は3回以内),
20889,ベノミル水和剤,ベンレート水和剤,殺菌剤,2002/9/3,ぶどう,うどんこ病,散布,2000～3000倍,2000,3000,32,収穫45日前まで,200～700L/10a,200,700,5,3回以内,benomyl,1,,ベノミルを含む農薬の総使用回数：4回以内(休眠期処理は1回以内､散布は3回以内),
20889,ベノミル水和剤,ベンレート水和剤,殺菌剤,2002/9/3,ぶどう,灰色かび病,散布,2000～3000倍,2000,3000,32,収穫45日前まで,200～700L/10a,200,700,5,3回以内,benomyl,1,,ベノミルを含む農薬の総使用回数：4回以内(休眠期処理は1回以内､散布は3回以内),
20889,ベノミル水和剤,ベンレート水和剤,殺菌剤,2002/9/3,ぶどう,晩腐病,散布,2000～3000倍,2000,3000,32,収穫45日前まで,200～700L/10a,200,700,5,3回以内,benomyl,1,,ベノミルを含む農薬の総使用回数：4回以内(休眠期処理は1回以内､散布は3回以内),
20889,ベノミル水和剤,ベンレート水和剤,殺菌剤,2002/9/3,ぶどう,黒とう病,散布,2000倍,2000,2000,32,収穫45日前まで,200～700L/10a,200,700,5,3回以内,benomyl,1,,ベノミルを含む農薬の総使用回数：4回以内(休眠期処理は1回以内､散布は3回以内),
20889,ベノミル水和剤,ベンレート水和剤,殺菌剤,2002/9/3,ぶどう,芽枯病,散布,2000倍,2000,2000,32,収穫45日前まで,200～700L/10a,200,700,5,3回以内,benomyl,1,,ベノミルを含む農薬の総使用回数：4回以内(休眠期処理は1回以内､散布は3回以内),
20889,ベノミル水和剤,ベンレート水和剤,殺菌剤,2002/9/3,ぶどう,黒とう病,散布,200～500倍,200,500,32,休眠期,200～700L/10a,200,700,5,1回,benomyl,1,,ベノミルを含む農薬の総使用回数：4回以内(休眠期処理は1回以内､散布は3回以内),
20889,ベノミル水和剤,ベンレート水和剤,殺菌剤,2002/9/3,ぶどう,晩腐病,散布,200～500倍,200,500,32,休眠期,200～700L/10a,200,700,5,1回,benomyl,1,,ベノミルを含む農薬の総使用回数：4回以内(休眠期処理は1回以内､散布は3回以内),
20889,ベノミル水和剤,ベンレート水和剤,殺菌剤,2002/9/3,ぶどう,つる割病,散布,200～500倍,200,500,32,休眠期,200～700L/10a,200,700,5,1回,benomyl,1,,ベノミルを含む農薬の総使用回数：4回以内(休眠期処理は1回以内､散布は3回以内),
20889,ベノミル水和剤,ベンレート水和剤,殺菌剤,2002/9/3,ぶどう,枝膨病,散布,200倍,200,200,32,休眠期,200～700L/10a,200,700,5,1回,benomyl,1,,ベノミルを含む農薬の総使用回数：4回以内(休眠期処理は1回以内､散布は3回以内),
20976,チオファネートメチル水和剤,日農トップジンＭ水和剤,殺菌剤,2002/12/20,ぶどう,灰色かび病,散布,1000～2000倍,1000,2000,32,収穫45日前まで,200～700L/10a,200,700,5,1回,thiophanate-methyl,1,,チオファネートメチルを含む農薬の総使用回数：5回以内(塗布は3回以内､休眠期の散布は1回以内､生育期の散布は1回以内),
20976,チオファネートメチル水和剤,日農トップジンＭ水和剤,殺菌剤,2002/12/20,ぶどう,褐斑病,散布,1000～2000倍,1000,2000,32,収穫45日前まで,200～700L/10a,200,700,5,1回,thiophanate-methyl,1,,チオファネートメチルを含む農薬の総使用回数：5回以内(塗布は3回以内､休眠期の散布は1回以内､生育期の散布は1回以内),
20976,チオファネートメチル水和剤,日農トップジンＭ水和剤,殺菌剤,2002/12/20,ぶどう,うどんこ病,散布,1000～2000倍,1000,2000,32,収穫45日前まで,200～700L/10a,200,700,5,1回,thiophanate-methyl,1,,チオファネートメチルを含む農薬の総使用回数：5回以内(塗布は3回以内､休眠期の散布は1回以内､生育期の散布は1回以内),
20976,チオファネートメチル水和剤,日農トップジンＭ水和剤,殺菌剤,2002/12/20,ぶどう,黒とう病,散布,1000～2000倍,1000,2000,32,収穫45日前まで,200～700L/10a,200,700,5,1回,thiophanate-methyl,1,,チオファネートメチルを含む農薬の総使用回数：5回以内(塗布は3回以内､休眠期の散布は1回以内､生育期の散布は1回以内),
20976,チオファネートメチル水和剤,日農トップジンＭ水和剤,殺菌剤,2002/12/20,ぶどう,晩腐病,散布,1000倍,1000,1000,32,収穫45日前まで,200～700L/10a,200,700,5,1回,thiophanate-methyl,1,,チオファネートメチルを含む農薬の総使用回数：5回以内(塗布は3回以内､休眠期の散布は1回以内､生育期の散布は1回以内),
20976,チオファネートメチル水和剤,日農トップジンＭ水和剤,殺菌剤,2002/12/20,ぶどう,芽枯病,散布,1000倍,1000,1000,32,収穫45日前まで,200～700L/10a,200,700,5,1回,thiophanate-methyl,1,,チオファネートメチルを含む農薬の総使用回数：5回以内(塗布は3回以内､休眠期の散布は1回以内､生育期の散布は1回以内),
20976,チオファネートメチル水和剤,日農トップジンＭ水和剤,殺菌剤,2002/12/20,ぶどう,苦腐病,散布,1000～1500倍,1000,1500,32,収穫45日前まで,200～700L/10a,200,700,5,1回,thiophanate-methyl,1,,チオファネートメチルを含む農薬の総使用回数：5回以内(塗布は3回以内､休眠期の散布は1回以内､生育期の散布は1回以内),
20990,シメコナゾール・マンゼブ水和剤,テーク水和剤,殺菌剤,2002/12/24,ぶどう,べと病,散布,1000倍,1000,1000,32,収穫45日前まで,200～700L/10a,200,700,5,2回以内,simeconazole/mancozeb,3/M3,,シメコナゾールを含む農薬の総使用回数：2回以内,マンゼブを含む農薬の総使用回数：2回以内
20990,シメコナゾール・マンゼブ水和剤,テーク水和剤,殺菌剤,2002/12/24,ぶどう,黒とう病,散布,1000倍,1000,1000,32,収穫45日前まで,200～700L/10a,200,700,5,2回以内,simeconazole/mancozeb,3/M3,,シメコナゾールを含む農薬の総使用回数：2回以内,マンゼブを含む農薬の総使用回数：2回以内
20990,シメコナゾール・マンゼブ水和剤,テーク水和剤,殺菌剤,2002/12/24,ぶどう,晩腐病,散布,1000倍,1000,1000,32,収穫45日前まで,200～700L/10a,200,700,5,2回以内,simeconazole/mancozeb,3/M3,,シメコナゾールを含む農薬の総使用回数：2回以内,マンゼブを含む農薬の総使用回数：2回以内
20990,シメコナゾール・マンゼブ水和剤,テーク水和剤,殺菌剤,2002/12/24,ぶどう,うどんこ病,散布,1000倍,1000,1000,32,収穫45日前まで,200～700L/10a,200,700,5,2回以内,simeconazole/mancozeb,3/M3,,シメコナゾールを含む農薬の総使用回数：2回以内,マンゼブを含む農薬の総使用回数：2回以内
20990,シメコナゾール・マンゼブ水和剤,テーク水和剤,殺菌剤,2002/12/24,ぶどう,灰色かび病,散布,1000倍,1000,1000,32,収穫45日前まで,200～700L/10a,200,700,5,2回以内,simeconazole/mancozeb,3/M3,,シメコナゾールを含む農薬の総使用回数：2回以内,マンゼブを含む農薬の総使用回数：2回以内
21185,シアゾファミド・ＴＰＮ水和剤,ＳＤＳドーシャスフロアブル,殺菌剤,2004/1/7,ぶどう,べと病,散布,2000倍,2000,2000,32,収穫60日前まで,200～700L/10a,200,700,5,3回以内,cyazofamid/chlorothalonil,21/M5,,シアゾファミドを含む農薬の総使用回数：3回以内,TPNを含む農薬の総使用回数：3回以内(休眠期は1回以内)
21185,シアゾファミド・ＴＰＮ水和剤,ＳＤＳドーシャスフロアブル,殺菌剤,2004/1/7,ぶどう,晩腐病,散布,2000倍,2000,2000,32,収穫60日前まで,200～700L/10a,200,700,5,3回以内,cyazofamid/chlorothalonil,21/M5,,シアゾファミドを含む農薬の総使用回数：3回以内,TPNを含む農薬の総使用回数：3回以内(休眠期は1回以内)
21185,シアゾファミド・ＴＰＮ水和剤,ＳＤＳドーシャスフロアブル,殺菌剤,2004/1/7,ぶどう,黒とう病,散布,2000倍,2000,2000,32,収穫60日前まで,200～700L/10a,200,700,5,3回以内,cyazofamid/chlorothalonil,21/M5,,シアゾファミドを含む農薬の総使用回数：3回以内,TPNを含む農薬の総使用回数：3回以内(休眠期は1回以内)
21199,シアゾファミド・ＴＰＮ水和剤,ドーシャスフロアブル,殺菌剤,2004/1/7,ぶどう,べと病,散布,2000倍,2000,2000,32,収穫60日前まで,200～700L/10a,200,700,5,3回以内,cyazofamid/chlorothalonil,21/M5,,シアゾファミドを含む農薬の総使用回数：3回以内,TPNを含む農薬の総使用回数：3回以内(休眠期は1回以内)
21199,シアゾファミド・ＴＰＮ水和剤,ドーシャスフロアブル,殺菌剤,2004/1/7,ぶどう,晩腐病,散布,2000倍,2000,2000,32,収穫60日前まで,200～700L/10a,200,700,5,3回以内,cyazofamid/chlorothalonil,21/M5,,シアゾファミドを含む農薬の総使用回数：3回以内,TPNを含む農薬の総使用回数：3回以内(休眠期は1回以内)
21199,シアゾファミド・ＴＰＮ水和剤,ドーシャスフロアブル,殺菌剤,2004/1/7,ぶどう,黒とう病,散布,2000倍,2000,2000,32,収穫60日前まで,200～700L/10a,200,700,5,3回以内,cyazofamid/chlorothalonil,21/M5,,シアゾファミドを含む農薬の総使用回数：3回以内,TPNを含む農薬の総使用回数：3回以内(休眠期は1回以内)
21292,キャプタン水和剤,オーソサイド水和剤８０,殺菌剤,2004/5/25,ぶどう,晩腐病,散布,800倍,800,800,32,収穫30日前まで,200～700L/10a,200,700,5,3回以内,captan,M4,,キャプタンを含む農薬の総使用回数：3回以内,
21292,キャプタン水和剤,オーソサイド水和剤８０,殺菌剤,2004/5/25,ぶどう,褐斑病,散布,800倍,800,800,32,収穫30日前まで,200～700L/10a,200,700,5,3回以内,captan,M4,,キャプタンを含む農薬の総使用回数：3回以内,
21292,キャプタン水和剤,オーソサイド水和剤８０,殺菌剤,2004/5/25,ぶどう,灰色かび病,散布,800倍,800,800,32,収穫30日前まで,200～700L/10a,200,700,5,3回以内,captan,M4,,キャプタンを含む農薬の総使用回数：3回以内,
21292,キャプタン水和剤,オーソサイド水和剤８０,殺菌剤,2004/5/25,ぶどう,べと病,散布,800倍,800,800,32,収穫30日前まで,200～700L/10a,200,700,5,3回以内,captan,M4,,キャプタンを含む農薬の総使用回数：3回以内,
21292,キャプタン水和剤,オーソサイド水和剤８０,殺菌剤,2004/5/25,ぶどう,枝膨病,散布,800倍,800,800,32,収穫30日前まで,200～700L/10a,200,700,5,3回以内,captan,M4,,キャプタンを含む農薬の総使用回数：3回以内,
21292,キャプタン水和剤,オーソサイド水和剤８０,殺菌剤,2004/5/25,ぶどう,黒とう病,散布,800倍,800,800,32,収穫30日前まで,200～700L/10a,200,700,5,3回以内,captan,M4,,キャプタンを含む農薬の総使用回数：3回以内,
21320,テブコナゾール水和剤,ホクコーオンリーワンフロアブル,殺菌剤,2004/8/4,ぶどう,晩腐病,散布,2000倍,2000,2000,32,収穫前日まで,200～700L/10a,200,700,5,3回以内,tebuconazole,3,,テブコナゾールを含む農薬の総使用回数：3回以内,
21320,テブコナゾール水和剤,ホクコーオンリーワンフロアブル,殺菌剤,2004/8/4,ぶどう,黒とう病,散布,2000倍,2000,2000,32,収穫前日まで,200～700L/10a,200,700,5,3回以内,tebuconazole,3,,テブコナゾールを含む農薬の総使用回数：3回以内,
21320,テブコナゾール水和剤,ホクコーオンリーワンフロアブル,殺菌剤,2004/8/4,ぶどう,さび病,散布,2000倍,2000,2000,32,収穫前日まで,200～700L/10a,200,700,5,3回以内,tebuconazole,3,,テブコナゾールを含む農薬の総使用回数：3回以内,
21320,テブコナゾール水和剤,ホクコーオンリーワンフロアブル,殺菌剤,2004/8/4,ぶどう,灰色かび病,散布,2000倍,2000,2000,32,収穫前日まで,200～700L/10a,200,700,5,3回以内,tebuconazole,3,,テブコナゾールを含む農薬の総使用回数：3回以内,
21320,テブコナゾール水和剤,ホクコーオンリーワンフロアブル,殺菌剤,2004/8/4,ぶどう,うどんこ病,散布,2000倍,2000,2000,32,収穫前日まで,200～700L/10a,200,700,5,3回以内,tebuconazole,3,,テブコナゾールを含む農薬の総使用回数：3回以内,
21320,テブコナゾール水和剤,ホクコーオンリーワンフロアブル,殺菌剤,2004/8/4,ぶどう,すす点病,散布,2000倍,2000,2000,32,収穫前日まで,200～700L/10a,200,700,5,3回以内,tebuconazole,3,,テブコナゾールを含む農薬の総使用回数：3回以内,
21320,テブコナゾール水和剤,ホクコーオンリーワンフロアブル,殺菌剤,2004/8/4,ぶどう,褐斑病,散布,2000倍,2000,2000,32,収穫前日まで,200～700L/10a,200,700,5,3回以内,tebuconazole,3,,テブコナゾールを含む農薬の総使用回数：3回以内,
21320,テブコナゾール水和剤,ホクコーオンリーワンフロアブル,殺菌剤,2004/8/4,ぶどう,白腐病,散布,2000倍,2000,2000,32,収穫前日まで,200～700L/10a,200,700,5,3回以内,tebuconazole,3,,テブコナゾールを含む農薬の総使用回数：3回以内,
21320,テブコナゾール水和剤,ホクコーオンリーワンフロアブル,殺菌剤,2004/8/4,ぶどう,晩腐病,散布,500倍,500,500,32,収穫前日まで,50L/10a,50,50,5,3回以内,tebuconazole,3,,テブコナゾールを含む農薬の総使用回数：3回以内,
21320,テブコナゾール水和剤,ホクコーオンリーワンフロアブル,殺菌剤,2004/8/4,ぶどう,黒とう病,散布,500倍,500,500,32,収穫前日まで,50L/10a,50,50,5,3回以内,tebuconazole,3,,テブコナゾールを含む農薬の総使用回数：3回以内,
21320,テブコナゾール水和剤,ホクコーオンリーワンフロアブル,殺菌剤,2004/8/4,ぶどう,さび病,散布,500倍,500,500,32,収穫前日まで,50L/10a,50,50,5,3回以内,tebuconazole,3,,テブコナゾールを含む農薬の総使用回数：3回以内,
21320,テブコナゾール水和剤,ホクコーオンリーワンフロアブル,殺菌剤,2004/8/4,ぶどう,灰色かび病,散布,500倍,500,500,32,収穫前日まで,50L/10a,50,50,5,3回以内,tebuconazole,3,,テブコナゾールを含む農薬の総使用回数：3回以内,
21320,テブコナゾール水和剤,ホクコーオンリーワンフロアブル,殺菌剤,2004/8/4,ぶどう,うどんこ病,散布,500倍,500,500,32,収穫前日まで,50L/10a,50,50,5,3回以内,tebuconazole,3,,テブコナゾールを含む農薬の総使用回数：3回以内,
21320,テブコナゾール水和剤,ホクコーオンリーワンフロアブル,殺菌剤,2004/8/4,ぶどう,すす点病,散布,500倍,500,500,32,収穫前日まで,50L/10a,50,50,5,3回以内,tebuconazole,3,,テブコナゾールを含む農薬の総使用回数：3回以内,
21320,テブコナゾール水和剤,ホクコーオンリーワンフロアブル,殺菌剤,2004/8/4,ぶどう,褐斑病,散布,500倍,500,500,32,収穫前日まで,50L/10a,50,50,5,3回以内,tebuconazole,3,,テブコナゾールを含む農薬の総使用回数：3回以内,
21320,テブコナゾール水和剤,ホクコーオンリーワンフロアブル,殺菌剤,2004/8/4,ぶどう,白腐病,散布,500倍,500,500,32,収穫前日まで,50L/10a,50,50,5,3回以内,tebuconazole,3,,テブコナゾールを含む農薬の総使用回数：3回以内,
21468,ボスカリド水和剤,カンタスドライフロアブル,殺菌剤,2005/1/17,大粒種ぶどう,灰色かび病,散布,1000～1500倍,1000,1500,32,収穫7日前まで,200～700L/10a,200,700,5,3回以内,boscalid,7,,ボスカリドを含む農薬の総使用回数：3回以内,
21468,ボスカリド水和剤,カンタスドライフロアブル,殺菌剤,2005/1/17,大粒種ぶどう,すす点病,散布,1000～1500倍,1000,1500,32,収穫7日前まで,200～700L/10a,200,700,5,3回以内,boscalid,7,,ボスカリドを含む農薬の総使用回数：3回以内,
21469,ボスカリド水和剤,日曹カンタスドライフロアブル,殺菌剤,2005/1/17,大粒種ぶどう,灰色かび病,散布,1000～1500倍,1000,1500,32,収穫7日前まで,200～700L/10a,200,700,5,3回以内,boscalid,7,,ボスカリドを含む農薬の総使用回数：3回以内,
21469,ボスカリド水和剤,日曹カンタスドライフロアブル,殺菌剤,2005/1/17,大粒種ぶどう,すす点病,散布,1000～1500倍,1000,1500,32,収穫7日前まで,200～700L/10a,200,700,5,3回以内,boscalid,7,,ボスカリドを含む農薬の総使用回数：3回以内,
21525,チウラム水和剤,チオノックフロアブル,殺菌剤,2005/7/20,ぶどう,晩腐病,散布,1000倍,1000,1000,32,収穫60日前まで,200～700L/10a,200,700,5,2回以内,thiram,M3,,チウラムを含む農薬の総使用回数：3回以内(休眠期は1回以内､生育期は2回以内),
21525,チウラム水和剤,チオノックフロアブル,殺菌剤,2005/7/20,ぶどう,べと病,散布,1000倍,1000,1000,32,収穫60日前まで,200～700L/10a,200,700,5,2回以内,thiram,M3,,チウラムを含む農薬の総使用回数：3回以内(休眠期は1回以内､生育期は2回以内),
21525,チウラム水和剤,チオノックフロアブル,殺菌剤,2005/7/20,ぶどう,灰色かび病,散布,1000倍,1000,1000,32,収穫60日前まで,200～700L/10a,200,700,5,2回以内,thiram,M3,,チウラムを含む農薬の総使用回数：3回以内(休眠期は1回以内､生育期は2回以内),
21525,チウラム水和剤,チオノックフロアブル,殺菌剤,2005/7/20,ぶどう,褐斑病,散布,1000倍,1000,1000,32,収穫60日前まで,200～700L/10a,200,700,5,2回以内,thiram,M3,,チウラムを含む農薬の総使用回数：3回以内(休眠期は1回以内､生育期は2回以内),
21525,チウラム水和剤,チオノックフロアブル,殺菌剤,2005/7/20,ぶどう,黒とう病,散布,1000倍,1000,1000,32,収穫60日前まで,200～700L/10a,200,700,5,2回以内,thiram,M3,,チウラムを含む農薬の総使用回数：3回以内(休眠期は1回以内､生育期は2回以内),
21555,バチルス　ズブチリス水和剤,エコショット,殺菌剤,2005/10/5,ぶどう,うどんこ病,散布,2000倍,2000,2000,32,収穫前日まで,200～700L/10a,200,700,5,-,bacillus-subtilis,BM02,"PDF に収録の株: AFS032321, Y1336, HAI-0404, RTI477。商品の株との一致はラベルで要確認",,
21555,バチルス　ズブチリス水和剤,エコショット,殺菌剤,2005/10/5,ぶどう,灰色かび病,散布,1000～2000倍,1000,2000,32,収穫前日まで,200～700L/10a,200,700,5,-,bacillus-subtilis,BM02,"PDF に収録の株: AFS032321, Y1336, HAI-0404, RTI477。商品の株との一致はラベルで要確認",,
21795,ピラクロストロビン・ボスカリド水和剤,ナリアＷＤＧ,殺菌剤,2006/9/25,大粒種ぶどう,晩腐病,散布,2000倍,2000,2000,32,収穫7日前まで,200～700L/10a,200,700,5,3回以内,pyraclostrobin/boscalid,11月7日,,ピラクロストロビンを含む農薬の総使用回数：3回以内,ボスカリドを含む農薬の総使用回数：3回以内
21816,ジチアノン水和剤,デランフロアブル,殺菌剤,2006/10/18,ぶどう,枝膨病,散布,1000倍,1000,1000,32,落弁期まで 但し､収穫75日前まで,200～700L/10a,200,700,5,2回以内,dithianon,M9,,ジチアノンを含む農薬の総使用回数：3回以内(休眠期は1回以内､生育期は2回以内),
21816,ジチアノン水和剤,デランフロアブル,殺菌剤,2006/10/18,ぶどう,べと病,散布,1000倍,1000,1000,32,落弁期まで 但し､収穫75日前まで,200～700L/10a,200,700,5,2回以内,dithianon,M9,,ジチアノンを含む農薬の総使用回数：3回以内(休眠期は1回以内､生育期は2回以内),
21816,ジチアノン水和剤,デランフロアブル,殺菌剤,2006/10/18,ぶどう,黒とう病,散布,1000倍,1000,1000,32,落弁期まで 但し､収穫75日前まで,200～700L/10a,200,700,5,2回以内,dithianon,M9,,ジチアノンを含む農薬の総使用回数：3回以内(休眠期は1回以内､生育期は2回以内),
21816,ジチアノン水和剤,デランフロアブル,殺菌剤,2006/10/18,ぶどう,晩腐病,散布,1000倍,1000,1000,32,落弁期まで 但し､収穫75日前まで,200～700L/10a,200,700,5,2回以内,dithianon,M9,,ジチアノンを含む農薬の総使用回数：3回以内(休眠期は1回以内､生育期は2回以内),
21816,ジチアノン水和剤,デランフロアブル,殺菌剤,2006/10/18,ぶどう,黒とう病,散布,200倍,200,200,32,休眠期,200～700L/10a,200,700,5,1回,dithianon,M9,,ジチアノンを含む農薬の総使用回数：3回以内(休眠期は1回以内､生育期は2回以内),
21816,ジチアノン水和剤,デランフロアブル,殺菌剤,2006/10/18,ぶどう,晩腐病,散布,200倍,200,200,32,休眠期,200～700L/10a,200,700,5,1回,dithianon,M9,,ジチアノンを含む農薬の総使用回数：3回以内(休眠期は1回以内､生育期は2回以内),
21816,ジチアノン水和剤,デランフロアブル,殺菌剤,2006/10/18,ぶどう,つる割病,散布,200倍,200,200,32,休眠期,200～700L/10a,200,700,5,1回,dithianon,M9,,ジチアノンを含む農薬の総使用回数：3回以内(休眠期は1回以内､生育期は2回以内),
21873,水和硫黄剤,クムラス,殺菌剤,2007/1/24,果樹類,ハダニ類,散布,300～400倍,300,400,32,-,200～700L/10a,200,700,5,-,sulphur,M2,,,
21873,水和硫黄剤,クムラス,殺菌剤,2007/1/24,ぶどう,ブドウハモグリダニ,散布,300倍,300,300,32,収穫後～発芽前,200～700L/10a,200,700,5,-,sulphur,M2,,,
21874,水和硫黄剤,サンケイクムラス,殺菌剤,2007/1/24,果樹類,ハダニ類,散布,300～400倍,300,400,32,-,200～700L/10a,200,700,5,-,sulphur,M2,,,
21874,水和硫黄剤,サンケイクムラス,殺菌剤,2007/1/24,ぶどう,ブドウハモグリダニ,散布,300倍,300,300,32,収穫後～発芽前,200～700L/10a,200,700,5,-,sulphur,M2,,,
21875,チウラム水和剤,トレノックスフロアブル,殺菌剤,2007/1/24,ぶどう,晩腐病,散布,1000倍,1000,1000,32,収穫60日前まで,200～700L/10a,200,700,5,2回以内,thiram,M3,,チウラムを含む農薬の総使用回数：3回以内(休眠期は1回以内､生育期は2回以内),
21875,チウラム水和剤,トレノックスフロアブル,殺菌剤,2007/1/24,ぶどう,べと病,散布,1000倍,1000,1000,32,収穫60日前まで,200～700L/10a,200,700,5,2回以内,thiram,M3,,チウラムを含む農薬の総使用回数：3回以内(休眠期は1回以内､生育期は2回以内),
21875,チウラム水和剤,トレノックスフロアブル,殺菌剤,2007/1/24,ぶどう,灰色かび病,散布,1000倍,1000,1000,32,収穫60日前まで,200～700L/10a,200,700,5,2回以内,thiram,M3,,チウラムを含む農薬の総使用回数：3回以内(休眠期は1回以内､生育期は2回以内),
21875,チウラム水和剤,トレノックスフロアブル,殺菌剤,2007/1/24,ぶどう,褐斑病,散布,1000倍,1000,1000,32,収穫60日前まで,200～700L/10a,200,700,5,2回以内,thiram,M3,,チウラムを含む農薬の総使用回数：3回以内(休眠期は1回以内､生育期は2回以内),
21875,チウラム水和剤,トレノックスフロアブル,殺菌剤,2007/1/24,ぶどう,黒とう病,散布,1000倍,1000,1000,32,収穫60日前まで,200～700L/10a,200,700,5,2回以内,thiram,M3,,チウラムを含む農薬の総使用回数：3回以内(休眠期は1回以内､生育期は2回以内),
21953,ベンチアバリカルブイソプロピル水和剤,マモロット顆粒水和剤,殺菌剤,2007/4/26,ぶどう,べと病,散布,2000倍,2000,2000,32,収穫14日前まで,200～700L/10a,200,700,5,3回以内,benthiavalicarb,40,,ベンチアバリカルブイソプロピルを含む農薬の総使用回数：3回以内,
22015,クレソキシムメチル水和剤,ストロビードライフロアブル,殺菌剤,2007/9/19,ぶどう,黒とう病,散布,2000～3000倍,2000,3000,32,収穫14日前まで,200～700L/10a,200,700,5,3回以内,kresoxim-methyl,11,,クレソキシムメチルを含む農薬の総使用回数：3回以内,
22015,クレソキシムメチル水和剤,ストロビードライフロアブル,殺菌剤,2007/9/19,ぶどう,べと病,散布,2000～3000倍,2000,3000,32,収穫14日前まで,200～700L/10a,200,700,5,3回以内,kresoxim-methyl,11,,クレソキシムメチルを含む農薬の総使用回数：3回以内,
22015,クレソキシムメチル水和剤,ストロビードライフロアブル,殺菌剤,2007/9/19,ぶどう,枝膨病,散布,2000～3000倍,2000,3000,32,収穫14日前まで,200～700L/10a,200,700,5,3回以内,kresoxim-methyl,11,,クレソキシムメチルを含む農薬の総使用回数：3回以内,
22015,クレソキシムメチル水和剤,ストロビードライフロアブル,殺菌剤,2007/9/19,ぶどう,晩腐病,散布,2000～3000倍,2000,3000,32,収穫14日前まで,200～700L/10a,200,700,5,3回以内,kresoxim-methyl,11,,クレソキシムメチルを含む農薬の総使用回数：3回以内,
22015,クレソキシムメチル水和剤,ストロビードライフロアブル,殺菌剤,2007/9/19,ぶどう,灰色かび病,散布,2000～3000倍,2000,3000,32,収穫14日前まで,200～700L/10a,200,700,5,3回以内,kresoxim-methyl,11,,クレソキシムメチルを含む農薬の総使用回数：3回以内,
22015,クレソキシムメチル水和剤,ストロビードライフロアブル,殺菌剤,2007/9/19,ぶどう,褐斑病,散布,2000～3000倍,2000,3000,32,収穫14日前まで,200～700L/10a,200,700,5,3回以内,kresoxim-methyl,11,,クレソキシムメチルを含む農薬の総使用回数：3回以内,
22015,クレソキシムメチル水和剤,ストロビードライフロアブル,殺菌剤,2007/9/19,ぶどう,うどんこ病,散布,3000倍,3000,3000,32,収穫14日前まで,200～700L/10a,200,700,5,3回以内,kresoxim-methyl,11,,クレソキシムメチルを含む農薬の総使用回数：3回以内,
22015,クレソキシムメチル水和剤,ストロビードライフロアブル,殺菌剤,2007/9/19,ぶどう,さび病,散布,3000倍,3000,3000,32,収穫14日前まで,200～700L/10a,200,700,5,3回以内,kresoxim-methyl,11,,クレソキシムメチルを含む農薬の総使用回数：3回以内,
22016,クレソキシムメチル水和剤,クミアイストロビードライフロアブル,殺菌剤,2007/9/19,ぶどう,黒とう病,散布,2000～3000倍,2000,3000,32,収穫14日前まで,200～700L/10a,200,700,5,3回以内,kresoxim-methyl,11,,クレソキシムメチルを含む農薬の総使用回数：3回以内,
22016,クレソキシムメチル水和剤,クミアイストロビードライフロアブル,殺菌剤,2007/9/19,ぶどう,べと病,散布,2000～3000倍,2000,3000,32,収穫14日前まで,200～700L/10a,200,700,5,3回以内,kresoxim-methyl,11,,クレソキシムメチルを含む農薬の総使用回数：3回以内,
22016,クレソキシムメチル水和剤,クミアイストロビードライフロアブル,殺菌剤,2007/9/19,ぶどう,枝膨病,散布,2000～3000倍,2000,3000,32,収穫14日前まで,200～700L/10a,200,700,5,3回以内,kresoxim-methyl,11,,クレソキシムメチルを含む農薬の総使用回数：3回以内,
22016,クレソキシムメチル水和剤,クミアイストロビードライフロアブル,殺菌剤,2007/9/19,ぶどう,晩腐病,散布,2000～3000倍,2000,3000,32,収穫14日前まで,200～700L/10a,200,700,5,3回以内,kresoxim-methyl,11,,クレソキシムメチルを含む農薬の総使用回数：3回以内,
22016,クレソキシムメチル水和剤,クミアイストロビードライフロアブル,殺菌剤,2007/9/19,ぶどう,灰色かび病,散布,2000～3000倍,2000,3000,32,収穫14日前まで,200～700L/10a,200,700,5,3回以内,kresoxim-methyl,11,,クレソキシムメチルを含む農薬の総使用回数：3回以内,
22016,クレソキシムメチル水和剤,クミアイストロビードライフロアブル,殺菌剤,2007/9/19,ぶどう,褐斑病,散布,2000～3000倍,2000,3000,32,収穫14日前まで,200～700L/10a,200,700,5,3回以内,kresoxim-methyl,11,,クレソキシムメチルを含む農薬の総使用回数：3回以内,
22016,クレソキシムメチル水和剤,クミアイストロビードライフロアブル,殺菌剤,2007/9/19,ぶどう,うどんこ病,散布,3000倍,3000,3000,32,収穫14日前まで,200～700L/10a,200,700,5,3回以内,kresoxim-methyl,11,,クレソキシムメチルを含む農薬の総使用回数：3回以内,
22016,クレソキシムメチル水和剤,クミアイストロビードライフロアブル,殺菌剤,2007/9/19,ぶどう,さび病,散布,3000倍,3000,3000,32,収穫14日前まで,200～700L/10a,200,700,5,3回以内,kresoxim-methyl,11,,クレソキシムメチルを含む農薬の総使用回数：3回以内,
22017,クレソキシムメチル水和剤,日産ストロビードライフロアブル,殺菌剤,2007/9/19,ぶどう,黒とう病,散布,2000～3000倍,2000,3000,32,収穫14日前まで,200～700L/10a,200,700,5,3回以内,kresoxim-methyl,11,,クレソキシムメチルを含む農薬の総使用回数：3回以内,
22017,クレソキシムメチル水和剤,日産ストロビードライフロアブル,殺菌剤,2007/9/19,ぶどう,べと病,散布,2000～3000倍,2000,3000,32,収穫14日前まで,200～700L/10a,200,700,5,3回以内,kresoxim-methyl,11,,クレソキシムメチルを含む農薬の総使用回数：3回以内,
22017,クレソキシムメチル水和剤,日産ストロビードライフロアブル,殺菌剤,2007/9/19,ぶどう,枝膨病,散布,2000～3000倍,2000,3000,32,収穫14日前まで,200～700L/10a,200,700,5,3回以内,kresoxim-methyl,11,,クレソキシムメチルを含む農薬の総使用回数：3回以内,
22017,クレソキシムメチル水和剤,日産ストロビードライフロアブル,殺菌剤,2007/9/19,ぶどう,晩腐病,散布,2000～3000倍,2000,3000,32,収穫14日前まで,200～700L/10a,200,700,5,3回以内,kresoxim-methyl,11,,クレソキシムメチルを含む農薬の総使用回数：3回以内,
22017,クレソキシムメチル水和剤,日産ストロビードライフロアブル,殺菌剤,2007/9/19,ぶどう,灰色かび病,散布,2000～3000倍,2000,3000,32,収穫14日前まで,200～700L/10a,200,700,5,3回以内,kresoxim-methyl,11,,クレソキシムメチルを含む農薬の総使用回数：3回以内,
22017,クレソキシムメチル水和剤,日産ストロビードライフロアブル,殺菌剤,2007/9/19,ぶどう,褐斑病,散布,2000～3000倍,2000,3000,32,収穫14日前まで,200～700L/10a,200,700,5,3回以内,kresoxim-methyl,11,,クレソキシムメチルを含む農薬の総使用回数：3回以内,
22017,クレソキシムメチル水和剤,日産ストロビードライフロアブル,殺菌剤,2007/9/19,ぶどう,うどんこ病,散布,3000倍,3000,3000,32,収穫14日前まで,200～700L/10a,200,700,5,3回以内,kresoxim-methyl,11,,クレソキシムメチルを含む農薬の総使用回数：3回以内,
22017,クレソキシムメチル水和剤,日産ストロビードライフロアブル,殺菌剤,2007/9/19,ぶどう,さび病,散布,3000倍,3000,3000,32,収穫14日前まで,200～700L/10a,200,700,5,3回以内,kresoxim-methyl,11,,クレソキシムメチルを含む農薬の総使用回数：3回以内,
22018,クレソキシムメチル水和剤,日曹ストロビードライフロアブル,殺菌剤,2007/9/19,ぶどう,黒とう病,散布,2000～3000倍,2000,3000,32,収穫14日前まで,200～700L/10a,200,700,5,3回以内,kresoxim-methyl,11,,クレソキシムメチルを含む農薬の総使用回数：3回以内,
22018,クレソキシムメチル水和剤,日曹ストロビードライフロアブル,殺菌剤,2007/9/19,ぶどう,べと病,散布,2000～3000倍,2000,3000,32,収穫14日前まで,200～700L/10a,200,700,5,3回以内,kresoxim-methyl,11,,クレソキシムメチルを含む農薬の総使用回数：3回以内,
22018,クレソキシムメチル水和剤,日曹ストロビードライフロアブル,殺菌剤,2007/9/19,ぶどう,枝膨病,散布,2000～3000倍,2000,3000,32,収穫14日前まで,200～700L/10a,200,700,5,3回以内,kresoxim-methyl,11,,クレソキシムメチルを含む農薬の総使用回数：3回以内,
22018,クレソキシムメチル水和剤,日曹ストロビードライフロアブル,殺菌剤,2007/9/19,ぶどう,晩腐病,散布,2000～3000倍,2000,3000,32,収穫14日前まで,200～700L/10a,200,700,5,3回以内,kresoxim-methyl,11,,クレソキシムメチルを含む農薬の総使用回数：3回以内,
22018,クレソキシムメチル水和剤,日曹ストロビードライフロアブル,殺菌剤,2007/9/19,ぶどう,灰色かび病,散布,2000～3000倍,2000,3000,32,収穫14日前まで,200～700L/10a,200,700,5,3回以内,kresoxim-methyl,11,,クレソキシムメチルを含む農薬の総使用回数：3回以内,
22018,クレソキシムメチル水和剤,日曹ストロビードライフロアブル,殺菌剤,2007/9/19,ぶどう,褐斑病,散布,2000～3000倍,2000,3000,32,収穫14日前まで,200～700L/10a,200,700,5,3回以内,kresoxim-methyl,11,,クレソキシムメチルを含む農薬の総使用回数：3回以内,
22018,クレソキシムメチル水和剤,日曹ストロビードライフロアブル,殺菌剤,2007/9/19,ぶどう,うどんこ病,散布,3000倍,3000,3000,32,収穫14日前まで,200～700L/10a,200,700,5,3回以内,kresoxim-methyl,11,,クレソキシムメチルを含む農薬の総使用回数：3回以内,
22018,クレソキシムメチル水和剤,日曹ストロビードライフロアブル,殺菌剤,2007/9/19,ぶどう,さび病,散布,3000倍,3000,3000,32,収穫14日前まで,200～700L/10a,200,700,5,3回以内,kresoxim-methyl,11,,クレソキシムメチルを含む農薬の総使用回数：3回以内,
22155,アミスルブロム水和剤,ライメイフロアブル,殺菌剤,2008/4/30,ぶどう,べと病,散布,3000～4000倍,3000,4000,32,収穫14日前まで,200～700L/10a,200,700,5,3回以内,amisulbrom,21,,アミスルブロムを含む農薬の総使用回数：3回以内,
22157,フェンブコナゾール・マンゼブ水和剤,アスパイア水和剤,殺菌剤,2008/5/14,ぶどう,黒とう病,散布,1000倍,1000,1000,32,収穫45日前まで,200～700L/10a,200,700,5,2回以内,fenbuconazole/mancozeb,3/M3,,フェンブコナゾールを含む農薬の総使用回数：3回以内,マンゼブを含む農薬の総使用回数：2回以内
22158,ＴＰＮ水和剤,パスポート顆粒水和剤,殺菌剤,2008/5/14,ぶどう,黒とう病,散布,250～400倍,250,400,32,休眠期,100～300L/10a,100,300,5,1回,chlorothalonil,M5,,TPNを含む農薬の総使用回数：3回以内(休眠期は1回以内),
22158,ＴＰＮ水和剤,パスポート顆粒水和剤,殺菌剤,2008/5/14,ぶどう,晩腐病,散布,250～400倍,250,400,32,休眠期,100～300L/10a,100,300,5,1回,chlorothalonil,M5,,TPNを含む農薬の総使用回数：3回以内(休眠期は1回以内),
22187,シプロジニル・フルジオキソニル水和剤,スイッチ顆粒水和剤,殺菌剤,2008/7/9,ぶどう,灰色かび病,散布,2000～3000倍,2000,3000,32,収穫30日前まで,200～700L/10a,200,700,5,2回以内,cyprodinil/fludioxonil,9月12日,,シプロジニルを含む農薬の総使用回数：2回以内,フルジオキソニルを含む農薬の総使用回数：3回以内
22187,シプロジニル・フルジオキソニル水和剤,スイッチ顆粒水和剤,殺菌剤,2008/7/9,ぶどう,晩腐病,散布,2000～3000倍,2000,3000,32,収穫30日前まで,200～700L/10a,200,700,5,2回以内,cyprodinil/fludioxonil,9月12日,,シプロジニルを含む農薬の総使用回数：2回以内,フルジオキソニルを含む農薬の総使用回数：3回以内
22209,ペンチオピラド水和剤,アフェットフロアブル,殺菌剤,2008/7/23,ぶどう,灰色かび病,散布,2000倍,2000,2000,32,収穫7日前まで,200～700L/10a,200,700,5,3回以内,penthiopyrad,7,,ペンチオピラドを含む農薬の総使用回数：3回以内,
22209,ペンチオピラド水和剤,アフェットフロアブル,殺菌剤,2008/7/23,ぶどう,晩腐病,散布,2000倍,2000,2000,32,収穫7日前まで,200～700L/10a,200,700,5,3回以内,penthiopyrad,7,,ペンチオピラドを含む農薬の総使用回数：3回以内,
22209,ペンチオピラド水和剤,アフェットフロアブル,殺菌剤,2008/7/23,ぶどう,黒とう病,散布,2000倍,2000,2000,32,収穫7日前まで,200～700L/10a,200,700,5,3回以内,penthiopyrad,7,,ペンチオピラドを含む農薬の総使用回数：3回以内,
22209,ペンチオピラド水和剤,アフェットフロアブル,殺菌剤,2008/7/23,ぶどう,うどんこ病,散布,2000倍,2000,2000,32,収穫7日前まで,200～700L/10a,200,700,5,3回以内,penthiopyrad,7,,ペンチオピラドを含む農薬の総使用回数：3回以内,
22209,ペンチオピラド水和剤,アフェットフロアブル,殺菌剤,2008/7/23,ぶどう,褐斑病,散布,2000倍,2000,2000,32,収穫7日前まで,200～700L/10a,200,700,5,3回以内,penthiopyrad,7,,ペンチオピラドを含む農薬の総使用回数：3回以内,
22209,ペンチオピラド水和剤,アフェットフロアブル,殺菌剤,2008/7/23,ぶどう,さび病,散布,2000倍,2000,2000,32,収穫7日前まで,200～700L/10a,200,700,5,3回以内,penthiopyrad,7,,ペンチオピラドを含む農薬の総使用回数：3回以内,
22345,マンゼブ水和剤,ジマンダイセン水和剤,殺菌剤,2009/2/18,ぶどう,晩腐病,散布,1000倍,1000,1000,32,収穫45日前まで,200～700L/10a,200,700,5,2回以内,mancozeb,M3,,マンゼブを含む農薬の総使用回数：2回以内,
22345,マンゼブ水和剤,ジマンダイセン水和剤,殺菌剤,2009/2/18,ぶどう,褐斑病,散布,1000倍,1000,1000,32,収穫45日前まで,200～700L/10a,200,700,5,2回以内,mancozeb,M3,,マンゼブを含む農薬の総使用回数：2回以内,
22345,マンゼブ水和剤,ジマンダイセン水和剤,殺菌剤,2009/2/18,ぶどう,さび病,散布,1000倍,1000,1000,32,収穫45日前まで,200～700L/10a,200,700,5,2回以内,mancozeb,M3,,マンゼブを含む農薬の総使用回数：2回以内,
22345,マンゼブ水和剤,ジマンダイセン水和剤,殺菌剤,2009/2/18,ぶどう,べと病,散布,1000倍,1000,1000,32,収穫45日前まで,200～700L/10a,200,700,5,2回以内,mancozeb,M3,,マンゼブを含む農薬の総使用回数：2回以内,
22345,マンゼブ水和剤,ジマンダイセン水和剤,殺菌剤,2009/2/18,ぶどう,黒とう病,散布,1000倍,1000,1000,32,収穫45日前まで,200～700L/10a,200,700,5,2回以内,mancozeb,M3,,マンゼブを含む農薬の総使用回数：2回以内,
22346,マンゼブ水和剤,クミアイペンコゼブ水和剤,殺菌剤,2009/2/18,ぶどう,黒とう病,散布,1000倍,1000,1000,32,収穫45日前まで,200～700L/10a,200,700,5,2回以内,mancozeb,M3,,マンゼブを含む農薬の総使用回数：2回以内,
22346,マンゼブ水和剤,クミアイペンコゼブ水和剤,殺菌剤,2009/2/18,ぶどう,べと病,散布,1000倍,1000,1000,32,収穫45日前まで,200～700L/10a,200,700,5,2回以内,mancozeb,M3,,マンゼブを含む農薬の総使用回数：2回以内,
22346,マンゼブ水和剤,クミアイペンコゼブ水和剤,殺菌剤,2009/2/18,ぶどう,晩腐病,散布,1000倍,1000,1000,32,収穫45日前まで,200～700L/10a,200,700,5,2回以内,mancozeb,M3,,マンゼブを含む農薬の総使用回数：2回以内,
22346,マンゼブ水和剤,クミアイペンコゼブ水和剤,殺菌剤,2009/2/18,ぶどう,褐斑病,散布,1000倍,1000,1000,32,収穫45日前まで,200～700L/10a,200,700,5,2回以内,mancozeb,M3,,マンゼブを含む農薬の総使用回数：2回以内,
22346,マンゼブ水和剤,クミアイペンコゼブ水和剤,殺菌剤,2009/2/18,ぶどう,さび病,散布,1000倍,1000,1000,32,収穫45日前まで,200～700L/10a,200,700,5,2回以内,mancozeb,M3,,マンゼブを含む農薬の総使用回数：2回以内,
22379,マンジプロパミド水和剤,レーバスフロアブル,殺菌剤,2009/6/4,ぶどう,べと病,散布,2000～3000倍,2000,3000,32,収穫7日前まで,200～700L/10a,200,700,5,3回以内,mandipropamid,40,,マンジプロパミドを含む農薬の総使用回数：3回以内,
22397,シモキサニル・ベンチアバリカルブイソプロピル水和剤,ベトファイター顆粒水和剤,殺菌剤,2009/6/24,ぶどう,べと病,散布,2000～3000倍,2000,3000,32,収穫30日前まで,200～700L/10a,200,700,5,3回以内,cymoxanil/benthiavalicarb,27/40,,シモキサニルを含む農薬の総使用回数：3回以内,ベンチアバリカルブイソプロピルを含む農薬の総使用回数：3回以内
22432,マンゼブ水和剤,ＭＩＣペンコゼブ水和剤,殺菌剤,2009/8/5,ぶどう,黒とう病,散布,1000倍,1000,1000,32,収穫45日前まで,200～700L/10a,200,700,5,2回以内,mancozeb,M3,,マンゼブを含む農薬の総使用回数：2回以内,
22432,マンゼブ水和剤,ＭＩＣペンコゼブ水和剤,殺菌剤,2009/8/5,ぶどう,べと病,散布,1000倍,1000,1000,32,収穫45日前まで,200～700L/10a,200,700,5,2回以内,mancozeb,M3,,マンゼブを含む農薬の総使用回数：2回以内,
22432,マンゼブ水和剤,ＭＩＣペンコゼブ水和剤,殺菌剤,2009/8/5,ぶどう,晩腐病,散布,1000倍,1000,1000,32,収穫45日前まで,200～700L/10a,200,700,5,2回以内,mancozeb,M3,,マンゼブを含む農薬の総使用回数：2回以内,
22432,マンゼブ水和剤,ＭＩＣペンコゼブ水和剤,殺菌剤,2009/8/5,ぶどう,褐斑病,散布,1000倍,1000,1000,32,収穫45日前まで,200～700L/10a,200,700,5,2回以内,mancozeb,M3,,マンゼブを含む農薬の総使用回数：2回以内,
22432,マンゼブ水和剤,ＭＩＣペンコゼブ水和剤,殺菌剤,2009/8/5,ぶどう,さび病,散布,1000倍,1000,1000,32,収穫45日前まで,200～700L/10a,200,700,5,2回以内,mancozeb,M3,,マンゼブを含む農薬の総使用回数：2回以内,
22435,マンゼブ水和剤,ＭＩＣペンコゼブフロアブル,殺菌剤,2009/8/19,ぶどう,べと病,散布,1000倍,1000,1000,32,収穫45日前まで,200～700L/10a,200,700,5,2回以内,mancozeb,M3,,マンゼブを含む農薬の総使用回数：2回以内,
22435,マンゼブ水和剤,ＭＩＣペンコゼブフロアブル,殺菌剤,2009/8/19,ぶどう,黒とう病,散布,1000倍,1000,1000,32,収穫45日前まで,200～700L/10a,200,700,5,2回以内,mancozeb,M3,,マンゼブを含む農薬の総使用回数：2回以内,
22435,マンゼブ水和剤,ＭＩＣペンコゼブフロアブル,殺菌剤,2009/8/19,ぶどう,晩腐病,散布,1000倍,1000,1000,32,収穫45日前まで,200～700L/10a,200,700,5,2回以内,mancozeb,M3,,マンゼブを含む農薬の総使用回数：2回以内,
22435,マンゼブ水和剤,ＭＩＣペンコゼブフロアブル,殺菌剤,2009/8/19,ぶどう,褐斑病,散布,1000倍,1000,1000,32,収穫45日前まで,200～700L/10a,200,700,5,2回以内,mancozeb,M3,,マンゼブを含む農薬の総使用回数：2回以内,
22533,銅水和剤,コサイド３０００,殺菌剤,2009/12/2,ぶどう,べと病,散布,2000倍,2000,2000,32,-,200～700L/10a,200,700,5,-,copper,M1,,,
22533,銅水和剤,コサイド３０００,殺菌剤,2009/12/2,ぶどう,さび病,散布,2000倍,2000,2000,32,-,200～700L/10a,200,700,5,-,copper,M1,,,
22534,銅水和剤,クミアイコサイド３０００,殺菌剤,2009/12/2,ぶどう,べと病,散布,2000倍,2000,2000,32,-,200～700L/10a,200,700,5,-,copper,M1,,,
22534,銅水和剤,クミアイコサイド３０００,殺菌剤,2009/12/2,ぶどう,さび病,散布,2000倍,2000,2000,32,-,200～700L/10a,200,700,5,-,copper,M1,,,
22535,銅水和剤,ＭＩＣコサイド３０００,殺菌剤,2009/12/2,ぶどう,べと病,散布,2000倍,2000,2000,32,-,200～700L/10a,200,700,5,-,copper,M1,,,
22535,銅水和剤,ＭＩＣコサイド３０００,殺菌剤,2009/12/2,ぶどう,さび病,散布,2000倍,2000,2000,32,-,200～700L/10a,200,700,5,-,copper,M1,,,
22537,銅水和剤,ホクサンコサイド３０００,殺菌剤,2009/12/2,ぶどう,べと病,散布,2000倍,2000,2000,32,-,200～700L/10a,200,700,5,-,copper,M1,,,
22537,銅水和剤,ホクサンコサイド３０００,殺菌剤,2009/12/2,ぶどう,さび病,散布,2000倍,2000,2000,32,-,200～700L/10a,200,700,5,-,copper,M1,,,
22627,オキスポコナゾールフマル酸塩水和剤,オーシャインフロアブル,殺菌剤,2010/3/3,ぶどう,うどんこ病,散布,2000倍,2000,2000,32,収穫7日前まで,200～700L/10a,200,700,5,2回以内,oxpoconazole,3,,オキスポコナゾールフマル酸塩を含む農薬の総使用回数：2回以内,
22627,オキスポコナゾールフマル酸塩水和剤,オーシャインフロアブル,殺菌剤,2010/3/3,ぶどう,灰色かび病,散布,2000倍,2000,2000,32,収穫7日前まで,200～700L/10a,200,700,5,2回以内,oxpoconazole,3,,オキスポコナゾールフマル酸塩を含む農薬の総使用回数：2回以内,
22627,オキスポコナゾールフマル酸塩水和剤,オーシャインフロアブル,殺菌剤,2010/3/3,ぶどう,黒とう病,散布,2000倍,2000,2000,32,収穫7日前まで,200～700L/10a,200,700,5,2回以内,oxpoconazole,3,,オキスポコナゾールフマル酸塩を含む農薬の総使用回数：2回以内,
22627,オキスポコナゾールフマル酸塩水和剤,オーシャインフロアブル,殺菌剤,2010/3/3,ぶどう,褐斑病,散布,2000倍,2000,2000,32,収穫7日前まで,200～700L/10a,200,700,5,2回以内,oxpoconazole,3,,オキスポコナゾールフマル酸塩を含む農薬の総使用回数：2回以内,
22631,フルアジナム水和剤,ホクサンフロンサイドＳＣ,殺菌剤,2010/3/3,ぶどう,晩腐病,散布,2000倍,2000,2000,32,開花直前～落弁期 但し､収穫60日前まで,200～700L/10a,200,700,5,1回,fluazinam,29,PDF: 日本で灰色かび病菌の耐性が主張されている,フルアジナムを含む農薬の総使用回数：2回以内(散布は1回以内､土壌灌注は1回以内),
22631,フルアジナム水和剤,ホクサンフロンサイドＳＣ,殺菌剤,2010/3/3,ぶどう,黒とう病,散布,2000倍,2000,2000,32,開花直前～落弁期 但し､収穫60日前まで,200～700L/10a,200,700,5,1回,fluazinam,29,PDF: 日本で灰色かび病菌の耐性が主張されている,フルアジナムを含む農薬の総使用回数：2回以内(散布は1回以内､土壌灌注は1回以内),
22631,フルアジナム水和剤,ホクサンフロンサイドＳＣ,殺菌剤,2010/3/3,ぶどう,べと病,散布,2000倍,2000,2000,32,開花直前～落弁期 但し､収穫60日前まで,200～700L/10a,200,700,5,1回,fluazinam,29,PDF: 日本で灰色かび病菌の耐性が主張されている,フルアジナムを含む農薬の総使用回数：2回以内(散布は1回以内､土壌灌注は1回以内),
22631,フルアジナム水和剤,ホクサンフロンサイドＳＣ,殺菌剤,2010/3/3,ぶどう,灰色かび病,散布,2000倍,2000,2000,32,開花直前～落弁期 但し､収穫60日前まで,200～700L/10a,200,700,5,1回,fluazinam,29,PDF: 日本で灰色かび病菌の耐性が主張されている,フルアジナムを含む農薬の総使用回数：2回以内(散布は1回以内､土壌灌注は1回以内),
22631,フルアジナム水和剤,ホクサンフロンサイドＳＣ,殺菌剤,2010/3/3,ぶどう,枝膨病,散布,2000倍,2000,2000,32,開花直前～落弁期 但し､収穫60日前まで,200～700L/10a,200,700,5,1回,fluazinam,29,PDF: 日本で灰色かび病菌の耐性が主張されている,フルアジナムを含む農薬の総使用回数：2回以内(散布は1回以内､土壌灌注は1回以内),
22631,フルアジナム水和剤,ホクサンフロンサイドＳＣ,殺菌剤,2010/3/3,ぶどう,白紋羽病,土壌灌注,500倍,500,500,32,収穫21日前まで,50～100L/樹,50,100,9,1回,fluazinam,29,PDF: 日本で灰色かび病菌の耐性が主張されている,フルアジナムを含む農薬の総使用回数：2回以内(散布は1回以内､土壌灌注は1回以内),
22631,フルアジナム水和剤,ホクサンフロンサイドＳＣ,殺菌剤,2010/3/3,ぶどう,白紋羽病,土壌灌注,1000倍,1000,1000,32,収穫21日前まで,100～200L/樹,100,200,9,1回,fluazinam,29,PDF: 日本で灰色かび病菌の耐性が主張されている,フルアジナムを含む農薬の総使用回数：2回以内(散布は1回以内､土壌灌注は1回以内),
22637,アミスルブロム・シモキサニル水和剤,ダイナモ顆粒水和剤,殺菌剤,2010/3/17,ぶどう,べと病,散布,3000～5000倍,3000,5000,32,収穫21日前まで,200～700L/10a,200,700,5,3回以内,amisulbrom/cymoxanil,21/27,,アミスルブロムを含む農薬の総使用回数：3回以内,シモキサニルを含む農薬の総使用回数：3回以内
22771,メタラキシルＭ・ＴＰＮ水和剤,フォリオゴールド,殺菌剤,2010/8/10,ぶどう,べと病,散布,1500倍,1500,1500,32,収穫60日前まで,200～700L/10a,200,700,5,2回以内,metalaxyl-m/chlorothalonil,4/M5,,メタラキシル及びメタラキシルMを含む農薬の総使用回数：2回以内,TPNを含む農薬の総使用回数：3回以内(休眠期は1回以内)
22772,マンゼブ・メタラキシルＭ水和剤,リドミルゴールドＭＺ,殺菌剤,2010/8/10,ぶどう,べと病,散布,1000倍,1000,1000,32,収穫45日前まで,200～700L/10a,200,700,5,2回以内,mancozeb/metalaxyl-m,M3/4,,マンゼブを含む農薬の総使用回数：2回以内,メタラキシル及びメタラキシルMを含む農薬の総使用回数：2回以内
22799,アミスルブロム水和剤,オラクル顆粒水和剤,殺菌剤,2010/10/20,ぶどう,べと病,散布,5000～10000倍,5000,10000,32,収穫14日前まで,200～700L/10a,200,700,5,3回以内,amisulbrom,21,,アミスルブロムを含む農薬の総使用回数：3回以内,
23006,ペンチオピラド水和剤,フルーツセイバー,殺菌剤,2011/11/30,ぶどう,灰色かび病,散布,1500倍,1500,1500,32,収穫7日前まで,200～700L/10a,200,700,5,3回以内,penthiopyrad,7,,ペンチオピラドを含む農薬の総使用回数：3回以内,
23006,ペンチオピラド水和剤,フルーツセイバー,殺菌剤,2011/11/30,ぶどう,黒とう病,散布,1500倍,1500,1500,32,収穫7日前まで,200～700L/10a,200,700,5,3回以内,penthiopyrad,7,,ペンチオピラドを含む農薬の総使用回数：3回以内,
23006,ペンチオピラド水和剤,フルーツセイバー,殺菌剤,2011/11/30,ぶどう,晩腐病,散布,1500倍,1500,1500,32,収穫7日前まで,200～700L/10a,200,700,5,3回以内,penthiopyrad,7,,ペンチオピラドを含む農薬の総使用回数：3回以内,
23006,ペンチオピラド水和剤,フルーツセイバー,殺菌剤,2011/11/30,ぶどう,さび病,散布,1500倍,1500,1500,32,収穫7日前まで,200～700L/10a,200,700,5,3回以内,penthiopyrad,7,,ペンチオピラドを含む農薬の総使用回数：3回以内,
23006,ペンチオピラド水和剤,フルーツセイバー,殺菌剤,2011/11/30,ぶどう,うどんこ病,散布,1500倍,1500,1500,32,収穫7日前まで,200～700L/10a,200,700,5,3回以内,penthiopyrad,7,,ペンチオピラドを含む農薬の総使用回数：3回以内,
23006,ペンチオピラド水和剤,フルーツセイバー,殺菌剤,2011/11/30,ぶどう,褐斑病,散布,1500倍,1500,1500,32,収穫7日前まで,200～700L/10a,200,700,5,3回以内,penthiopyrad,7,,ペンチオピラドを含む農薬の総使用回数：3回以内,
23045,硫黄・銅水和剤,イデクリーン水和剤,殺菌剤,2012/2/8,ぶどう,黒とう病,散布,500倍,500,500,32,-,200～700L/10a,200,700,5,-,sulphur/copper,M2/M1,,,
23045,硫黄・銅水和剤,イデクリーン水和剤,殺菌剤,2012/2/8,ぶどう,つる割細菌病,散布,500倍,500,500,32,-,200～700L/10a,200,700,5,-,sulphur/copper,M2/M1,,,
23045,硫黄・銅水和剤,イデクリーン水和剤,殺菌剤,2012/2/8,ぶどう,さび病,散布,500倍,500,500,32,-,200～700L/10a,200,700,5,-,sulphur/copper,M2/M1,,,
23045,硫黄・銅水和剤,イデクリーン水和剤,殺菌剤,2012/2/8,ぶどう,灰色かび病,散布,500倍,500,500,32,-,200～700L/10a,200,700,5,-,sulphur/copper,M2/M1,,,
23045,硫黄・銅水和剤,イデクリーン水和剤,殺菌剤,2012/2/8,ぶどう,べと病,散布,800倍,800,800,32,-,200～700L/10a,200,700,5,-,sulphur/copper,M2/M1,,,
23045,硫黄・銅水和剤,イデクリーン水和剤,殺菌剤,2012/2/8,ぶどう,うどんこ病,散布,800倍,800,800,32,-,200～700L/10a,200,700,5,-,sulphur/copper,M2/M1,,,
23045,硫黄・銅水和剤,イデクリーン水和剤,殺菌剤,2012/2/8,ぶどう,べと病,無人航空機による散布,4倍,4,4,32,-,1L/10a,1,1,5,-,sulphur/copper,M2/M1,,,
23045,硫黄・銅水和剤,イデクリーン水和剤,殺菌剤,2012/2/8,ぶどう,べと病,無人航空機による散布,40倍,40,40,32,-,10L/10a,10,10,5,-,sulphur/copper,M2/M1,,,
23045,硫黄・銅水和剤,イデクリーン水和剤,殺菌剤,2012/2/8,ぶどう,褐斑病,散布,400～800倍,400,800,32,-,200～700L/10a,200,700,5,-,sulphur/copper,M2/M1,,,
23045,硫黄・銅水和剤,イデクリーン水和剤,殺菌剤,2012/2/8,ぶどう,晩腐病,散布,400～800倍,400,800,32,-,200～700L/10a,200,700,5,-,sulphur/copper,M2/M1,,,
23046,バチルス　ズブチリス水和剤,セレナーデ水和剤,殺菌剤,2012/2/8,ぶどう,灰色かび病,散布,500倍,500,500,32,発病前から発病初期まで,-,,,,-,bacillus-subtilis,BM02,"PDF に収録の株: AFS032321, Y1336, HAI-0404, RTI477。商品の株との一致はラベルで要確認",,
23101,フルオピコリド・ベンチアバリカルブイソプロピル水和剤,ジャストフィットフロアブル,殺菌剤,2012/8/20,ぶどう,べと病,散布,5000倍,5000,5000,32,収穫30日前まで,200～700L/10a,200,700,5,3回以内,fluopicolide/benthiavalicarb,43/40,,フルオピコリドを含む農薬の総使用回数：3回以内,ベンチアバリカルブイソプロピルを含む農薬の総使用回数：3回以内
23102,ピリベンカルブ水和剤,ファンタジスタ顆粒水和剤,殺菌剤,2012/8/20,ぶどう,灰色かび病,散布,3000～4000倍,3000,4000,32,収穫14日前まで,200～700L/10a,200,700,5,3回以内,pyribencarb,11,,ピリベンカルブを含む農薬の総使用回数：3回以内,
23102,ピリベンカルブ水和剤,ファンタジスタ顆粒水和剤,殺菌剤,2012/8/20,ぶどう,晩腐病,散布,3000～4000倍,3000,4000,32,収穫14日前まで,200～700L/10a,200,700,5,3回以内,pyribencarb,11,,ピリベンカルブを含む農薬の総使用回数：3回以内,
23102,ピリベンカルブ水和剤,ファンタジスタ顆粒水和剤,殺菌剤,2012/8/20,ぶどう,黒とう病,散布,3000～4000倍,3000,4000,32,収穫14日前まで,200～700L/10a,200,700,5,3回以内,pyribencarb,11,,ピリベンカルブを含む農薬の総使用回数：3回以内,
23102,ピリベンカルブ水和剤,ファンタジスタ顆粒水和剤,殺菌剤,2012/8/20,ぶどう,さび病,散布,3000倍,3000,3000,32,収穫14日前まで,200～700L/10a,200,700,5,3回以内,pyribencarb,11,,ピリベンカルブを含む農薬の総使用回数：3回以内,
23102,ピリベンカルブ水和剤,ファンタジスタ顆粒水和剤,殺菌剤,2012/8/20,ぶどう,うどんこ病,散布,3000倍,3000,3000,32,収穫14日前まで,200～700L/10a,200,700,5,3回以内,pyribencarb,11,,ピリベンカルブを含む農薬の総使用回数：3回以内,
23102,ピリベンカルブ水和剤,ファンタジスタ顆粒水和剤,殺菌剤,2012/8/20,ぶどう,褐斑病,散布,3000倍,3000,3000,32,収穫14日前まで,200～700L/10a,200,700,5,3回以内,pyribencarb,11,,ピリベンカルブを含む農薬の総使用回数：3回以内,
23103,ピリベンカルブ水和剤,日曹ファンタジスタ顆粒水和剤,殺菌剤,2012/8/20,ぶどう,灰色かび病,散布,3000～4000倍,3000,4000,32,収穫14日前まで,200～700L/10a,200,700,5,3回以内,pyribencarb,11,,ピリベンカルブを含む農薬の総使用回数：3回以内,
23103,ピリベンカルブ水和剤,日曹ファンタジスタ顆粒水和剤,殺菌剤,2012/8/20,ぶどう,晩腐病,散布,3000～4000倍,3000,4000,32,収穫14日前まで,200～700L/10a,200,700,5,3回以内,pyribencarb,11,,ピリベンカルブを含む農薬の総使用回数：3回以内,
23103,ピリベンカルブ水和剤,日曹ファンタジスタ顆粒水和剤,殺菌剤,2012/8/20,ぶどう,黒とう病,散布,3000～4000倍,3000,4000,32,収穫14日前まで,200～700L/10a,200,700,5,3回以内,pyribencarb,11,,ピリベンカルブを含む農薬の総使用回数：3回以内,
23103,ピリベンカルブ水和剤,日曹ファンタジスタ顆粒水和剤,殺菌剤,2012/8/20,ぶどう,さび病,散布,3000倍,3000,3000,32,収穫14日前まで,200～700L/10a,200,700,5,3回以内,pyribencarb,11,,ピリベンカルブを含む農薬の総使用回数：3回以内,
23103,ピリベンカルブ水和剤,日曹ファンタジスタ顆粒水和剤,殺菌剤,2012/8/20,ぶどう,うどんこ病,散布,3000倍,3000,3000,32,収穫14日前まで,200～700L/10a,200,700,5,3回以内,pyribencarb,11,,ピリベンカルブを含む農薬の総使用回数：3回以内,
23103,ピリベンカルブ水和剤,日曹ファンタジスタ顆粒水和剤,殺菌剤,2012/8/20,ぶどう,褐斑病,散布,3000倍,3000,3000,32,収穫14日前まで,200～700L/10a,200,700,5,3回以内,pyribencarb,11,,ピリベンカルブを含む農薬の総使用回数：3回以内,
23108,チオファネートメチル水和剤,協友トップジンＭ水和剤,殺菌剤,2012/8/29,ぶどう,灰色かび病,散布,1000～2000倍,1000,2000,32,収穫45日前まで,200～700L/10a,200,700,5,1回,thiophanate-methyl,1,,チオファネートメチルを含む農薬の総使用回数：5回以内(塗布は3回以内､休眠期の散布は1回以内､生育期の散布は1回以内),
23108,チオファネートメチル水和剤,協友トップジンＭ水和剤,殺菌剤,2012/8/29,ぶどう,褐斑病,散布,1000～2000倍,1000,2000,32,収穫45日前まで,200～700L/10a,200,700,5,1回,thiophanate-methyl,1,,チオファネートメチルを含む農薬の総使用回数：5回以内(塗布は3回以内､休眠期の散布は1回以内､生育期の散布は1回以内),
23108,チオファネートメチル水和剤,協友トップジンＭ水和剤,殺菌剤,2012/8/29,ぶどう,うどんこ病,散布,1000～2000倍,1000,2000,32,収穫45日前まで,200～700L/10a,200,700,5,1回,thiophanate-methyl,1,,チオファネートメチルを含む農薬の総使用回数：5回以内(塗布は3回以内､休眠期の散布は1回以内､生育期の散布は1回以内),
23108,チオファネートメチル水和剤,協友トップジンＭ水和剤,殺菌剤,2012/8/29,ぶどう,黒とう病,散布,1000～2000倍,1000,2000,32,収穫45日前まで,200～700L/10a,200,700,5,1回,thiophanate-methyl,1,,チオファネートメチルを含む農薬の総使用回数：5回以内(塗布は3回以内､休眠期の散布は1回以内､生育期の散布は1回以内),
23108,チオファネートメチル水和剤,協友トップジンＭ水和剤,殺菌剤,2012/8/29,ぶどう,晩腐病,散布,1000倍,1000,1000,32,収穫45日前まで,200～700L/10a,200,700,5,1回,thiophanate-methyl,1,,チオファネートメチルを含む農薬の総使用回数：5回以内(塗布は3回以内､休眠期の散布は1回以内､生育期の散布は1回以内),
23108,チオファネートメチル水和剤,協友トップジンＭ水和剤,殺菌剤,2012/8/29,ぶどう,芽枯病,散布,1000倍,1000,1000,32,収穫45日前まで,200～700L/10a,200,700,5,1回,thiophanate-methyl,1,,チオファネートメチルを含む農薬の総使用回数：5回以内(塗布は3回以内､休眠期の散布は1回以内､生育期の散布は1回以内),
23108,チオファネートメチル水和剤,協友トップジンＭ水和剤,殺菌剤,2012/8/29,ぶどう,苦腐病,散布,1000～1500倍,1000,1500,32,収穫45日前まで,200～700L/10a,200,700,5,1回,thiophanate-methyl,1,,チオファネートメチルを含む農薬の総使用回数：5回以内(塗布は3回以内､休眠期の散布は1回以内､生育期の散布は1回以内),
23133,ペンチオピラド水和剤,兼商フルーツセイバー,殺菌剤,2012/10/10,ぶどう,灰色かび病,散布,1500倍,1500,1500,32,収穫7日前まで,200～700L/10a,200,700,5,3回以内,penthiopyrad,7,,ペンチオピラドを含む農薬の総使用回数：3回以内,
23133,ペンチオピラド水和剤,兼商フルーツセイバー,殺菌剤,2012/10/10,ぶどう,黒とう病,散布,1500倍,1500,1500,32,収穫7日前まで,200～700L/10a,200,700,5,3回以内,penthiopyrad,7,,ペンチオピラドを含む農薬の総使用回数：3回以内,
23133,ペンチオピラド水和剤,兼商フルーツセイバー,殺菌剤,2012/10/10,ぶどう,晩腐病,散布,1500倍,1500,1500,32,収穫7日前まで,200～700L/10a,200,700,5,3回以内,penthiopyrad,7,,ペンチオピラドを含む農薬の総使用回数：3回以内,
23133,ペンチオピラド水和剤,兼商フルーツセイバー,殺菌剤,2012/10/10,ぶどう,さび病,散布,1500倍,1500,1500,32,収穫7日前まで,200～700L/10a,200,700,5,3回以内,penthiopyrad,7,,ペンチオピラドを含む農薬の総使用回数：3回以内,
23133,ペンチオピラド水和剤,兼商フルーツセイバー,殺菌剤,2012/10/10,ぶどう,うどんこ病,散布,1500倍,1500,1500,32,収穫7日前まで,200～700L/10a,200,700,5,3回以内,penthiopyrad,7,,ペンチオピラドを含む農薬の総使用回数：3回以内,
23133,ペンチオピラド水和剤,兼商フルーツセイバー,殺菌剤,2012/10/10,ぶどう,褐斑病,散布,1500倍,1500,1500,32,収穫7日前まで,200～700L/10a,200,700,5,3回以内,penthiopyrad,7,,ペンチオピラドを含む農薬の総使用回数：3回以内,
23134,ペンチオピラド水和剤,ホクコーフルーツセイバー,殺菌剤,2012/10/10,ぶどう,灰色かび病,散布,1500倍,1500,1500,32,収穫7日前まで,200～700L/10a,200,700,5,3回以内,penthiopyrad,7,,ペンチオピラドを含む農薬の総使用回数：3回以内,
23134,ペンチオピラド水和剤,ホクコーフルーツセイバー,殺菌剤,2012/10/10,ぶどう,黒とう病,散布,1500倍,1500,1500,32,収穫7日前まで,200～700L/10a,200,700,5,3回以内,penthiopyrad,7,,ペンチオピラドを含む農薬の総使用回数：3回以内,
23134,ペンチオピラド水和剤,ホクコーフルーツセイバー,殺菌剤,2012/10/10,ぶどう,晩腐病,散布,1500倍,1500,1500,32,収穫7日前まで,200～700L/10a,200,700,5,3回以内,penthiopyrad,7,,ペンチオピラドを含む農薬の総使用回数：3回以内,
23134,ペンチオピラド水和剤,ホクコーフルーツセイバー,殺菌剤,2012/10/10,ぶどう,さび病,散布,1500倍,1500,1500,32,収穫7日前まで,200～700L/10a,200,700,5,3回以内,penthiopyrad,7,,ペンチオピラドを含む農薬の総使用回数：3回以内,
23134,ペンチオピラド水和剤,ホクコーフルーツセイバー,殺菌剤,2012/10/10,ぶどう,うどんこ病,散布,1500倍,1500,1500,32,収穫7日前まで,200～700L/10a,200,700,5,3回以内,penthiopyrad,7,,ペンチオピラドを含む農薬の総使用回数：3回以内,
23134,ペンチオピラド水和剤,ホクコーフルーツセイバー,殺菌剤,2012/10/10,ぶどう,褐斑病,散布,1500倍,1500,1500,32,収穫7日前まで,200～700L/10a,200,700,5,3回以内,penthiopyrad,7,,ペンチオピラドを含む農薬の総使用回数：3回以内,
23163,プロピレングリコールモノ脂肪酸エステル・ポリオキシン水和剤,デュアルサイド水和剤,殺虫殺菌剤,2012/11/21,ぶどう,灰色かび病,散布,2000倍,2000,2000,32,収穫60日前まで,200～700L/10a,200,700,5,5回以内,polyoxin,19,プロピレングリコールモノ脂肪酸エステルは殺菌成分でないためFRAC対象外,ポリオキシン複合体を含む農薬の総使用回数：5回以内,
23163,プロピレングリコールモノ脂肪酸エステル・ポリオキシン水和剤,デュアルサイド水和剤,殺虫殺菌剤,2012/11/21,ぶどう,チャノキイロアザミウマ,散布,2000倍,2000,2000,32,収穫60日前まで,200～700L/10a,200,700,5,5回以内,polyoxin,19,プロピレングリコールモノ脂肪酸エステルは殺菌成分でないためFRAC対象外,ポリオキシン複合体を含む農薬の総使用回数：5回以内,
23163,プロピレングリコールモノ脂肪酸エステル・ポリオキシン水和剤,デュアルサイド水和剤,殺虫殺菌剤,2012/11/21,ぶどう,ハダニ類,散布,2000倍,2000,2000,32,収穫60日前まで,200～700L/10a,200,700,5,5回以内,polyoxin,19,プロピレングリコールモノ脂肪酸エステルは殺菌成分でないためFRAC対象外,ポリオキシン複合体を含む農薬の総使用回数：5回以内,
23169,銅水和剤,日曹ムッシュボルドーＤＦ,殺菌剤,2012/11/21,ぶどう,べと病,散布,500倍,500,500,32,発病前～発病初期,200～700L/10a,200,700,5,-,copper,M1,,,
23169,銅水和剤,日曹ムッシュボルドーＤＦ,殺菌剤,2012/11/21,ぶどう,さび病,散布,500倍,500,500,32,発病前～発病初期,200～700L/10a,200,700,5,-,copper,M1,,,
23170,銅水和剤,ホドガヤユーピーエルキュプロフィックス４０,殺菌剤,2012/11/21,ぶどう,べと病,散布,500倍,500,500,32,-,200～700L/10a,200,700,5,-,copper,M1,,,
23170,銅水和剤,ホドガヤユーピーエルキュプロフィックス４０,殺菌剤,2012/11/21,ぶどう,さび病,散布,500倍,500,500,32,-,200～700L/10a,200,700,5,-,copper,M1,,,
23180,ベノミル水和剤,ＧＦベンレート水和剤,殺菌剤,2012/12/5,ぶどう,褐斑病,散布,2000～3000倍,2000,3000,32,収穫45日前まで,200～700ml/㎡,200,700,12,3回以内,benomyl,1,,ベノミルを含む農薬の総使用回数：4回以内(休眠期処理は1回以内､散布は3回以内),
23180,ベノミル水和剤,ＧＦベンレート水和剤,殺菌剤,2012/12/5,ぶどう,うどんこ病,散布,2000～3000倍,2000,3000,32,収穫45日前まで,200～700ml/㎡,200,700,12,3回以内,benomyl,1,,ベノミルを含む農薬の総使用回数：4回以内(休眠期処理は1回以内､散布は3回以内),
23180,ベノミル水和剤,ＧＦベンレート水和剤,殺菌剤,2012/12/5,ぶどう,灰色かび病,散布,2000～3000倍,2000,3000,32,収穫45日前まで,200～700ml/㎡,200,700,12,3回以内,benomyl,1,,ベノミルを含む農薬の総使用回数：4回以内(休眠期処理は1回以内､散布は3回以内),
23180,ベノミル水和剤,ＧＦベンレート水和剤,殺菌剤,2012/12/5,ぶどう,晩腐病,散布,2000～3000倍,2000,3000,32,収穫45日前まで,200～700ml/㎡,200,700,12,3回以内,benomyl,1,,ベノミルを含む農薬の総使用回数：4回以内(休眠期処理は1回以内､散布は3回以内),
23180,ベノミル水和剤,ＧＦベンレート水和剤,殺菌剤,2012/12/5,ぶどう,芽枯病,散布,2000倍,2000,2000,32,収穫45日前まで,200～700ml/㎡,200,700,12,3回以内,benomyl,1,,ベノミルを含む農薬の総使用回数：4回以内(休眠期処理は1回以内､散布は3回以内),
23180,ベノミル水和剤,ＧＦベンレート水和剤,殺菌剤,2012/12/5,ぶどう,黒とう病,散布,2000倍,2000,2000,32,収穫45日前まで,200～700ml/㎡,200,700,12,3回以内,benomyl,1,,ベノミルを含む農薬の総使用回数：4回以内(休眠期処理は1回以内､散布は3回以内),
23180,ベノミル水和剤,ＧＦベンレート水和剤,殺菌剤,2012/12/5,ぶどう,黒とう病,散布,200～500倍,200,500,32,休眠期,200～700ml/㎡,200,700,12,1回,benomyl,1,,ベノミルを含む農薬の総使用回数：4回以内(休眠期処理は1回以内､散布は3回以内),
23180,ベノミル水和剤,ＧＦベンレート水和剤,殺菌剤,2012/12/5,ぶどう,晩腐病,散布,200～500倍,200,500,32,休眠期,200～700ml/㎡,200,700,12,1回,benomyl,1,,ベノミルを含む農薬の総使用回数：4回以内(休眠期処理は1回以内､散布は3回以内),
23180,ベノミル水和剤,ＧＦベンレート水和剤,殺菌剤,2012/12/5,ぶどう,つる割病,散布,200～500倍,200,500,32,休眠期,200～700ml/㎡,200,700,12,1回,benomyl,1,,ベノミルを含む農薬の総使用回数：4回以内(休眠期処理は1回以内､散布は3回以内),
23180,ベノミル水和剤,ＧＦベンレート水和剤,殺菌剤,2012/12/5,ぶどう,枝膨病,散布,200倍,200,200,32,休眠期,200～700ml/㎡,200,700,12,1回,benomyl,1,,ベノミルを含む農薬の総使用回数：4回以内(休眠期処理は1回以内､散布は3回以内),
23184,ベンチアバリカルブイソプロピル・マンゼブ水和剤,カンパネラ水和剤,殺菌剤,2012/12/19,ぶどう,晩腐病,散布,1000倍,1000,1000,32,収穫45日前まで,200～700L/10a,200,700,5,2回以内,benthiavalicarb/mancozeb,40/M3,,ベンチアバリカルブイソプロピルを含む農薬の総使用回数：3回以内,マンゼブを含む農薬の総使用回数：2回以内
23184,ベンチアバリカルブイソプロピル・マンゼブ水和剤,カンパネラ水和剤,殺菌剤,2012/12/19,ぶどう,黒とう病,散布,1000倍,1000,1000,32,収穫45日前まで,200～700L/10a,200,700,5,2回以内,benthiavalicarb/mancozeb,40/M3,,ベンチアバリカルブイソプロピルを含む農薬の総使用回数：3回以内,マンゼブを含む農薬の総使用回数：2回以内
23184,ベンチアバリカルブイソプロピル・マンゼブ水和剤,カンパネラ水和剤,殺菌剤,2012/12/19,ぶどう,べと病,散布,1000倍,1000,1000,32,収穫45日前まで,200～700L/10a,200,700,5,2回以内,benthiavalicarb/mancozeb,40/M3,,ベンチアバリカルブイソプロピルを含む農薬の総使用回数：3回以内,マンゼブを含む農薬の総使用回数：2回以内
23185,ベンチアバリカルブイソプロピル・マンゼブ水和剤,ベネセット水和剤,殺菌剤,2012/12/19,ぶどう,晩腐病,散布,1000倍,1000,1000,32,収穫45日前まで,200～700L/10a,200,700,5,2回以内,benthiavalicarb/mancozeb,40/M3,,ベンチアバリカルブイソプロピルを含む農薬の総使用回数：3回以内,マンゼブを含む農薬の総使用回数：2回以内
23185,ベンチアバリカルブイソプロピル・マンゼブ水和剤,ベネセット水和剤,殺菌剤,2012/12/19,ぶどう,黒とう病,散布,1000倍,1000,1000,32,収穫45日前まで,200～700L/10a,200,700,5,2回以内,benthiavalicarb/mancozeb,40/M3,,ベンチアバリカルブイソプロピルを含む農薬の総使用回数：3回以内,マンゼブを含む農薬の総使用回数：2回以内
23185,ベンチアバリカルブイソプロピル・マンゼブ水和剤,ベネセット水和剤,殺菌剤,2012/12/19,ぶどう,べと病,散布,1000倍,1000,1000,32,収穫45日前まで,200～700L/10a,200,700,5,2回以内,benthiavalicarb/mancozeb,40/M3,,ベンチアバリカルブイソプロピルを含む農薬の総使用回数：3回以内,マンゼブを含む農薬の総使用回数：2回以内
23298,フェンピラザミン水和剤,ピクシオＤＦ,殺菌剤,2013/7/2,ぶどう,灰色かび病,散布,2000倍,2000,2000,32,収穫前日まで,200～700L/10a,200,700,5,3回以内,fenpyrazamine,17,,フェンピラザミンを含む農薬の総使用回数：3回以内,
23366,ジエトフェンカルブ・チオファネートメチル水和剤,協友ゲッター水和剤,殺菌剤,2013/10/9,ぶどう,灰色かび病,散布,1000～1500倍,1000,1500,32,収穫45日前まで,200～700L/10a,200,700,5,1回,diethofencarb/thiophanate-methyl,10月1日,,ジエトフェンカルブを含む農薬の総使用回数：3回以内,チオファネートメチルを含む農薬の総使用回数：5回以内(塗布は3回以内､休眠期の散布は1回以内､生育期の散布は1回以内)
23368,ピリオフェノン水和剤,プロパティフロアブル,殺菌剤,2013/10/22,ぶどう,うどんこ病,散布,3000倍,3000,3000,32,収穫3日前まで,200～700L/10a,200,700,5,3回以内,pyriofenone,50,,ピリオフェノンを含む農薬の総使用回数：3回以内,
23372,ジノテフラン・ペンチオピラド水和剤,スターガードプラスＡＬ,殺虫殺菌剤,2013/10/23,ぶどう,コナカイガラムシ類,散布,原液,,,,収穫7日前まで,,,,,3回以内,penthiopyrad,7,ジノテフランは殺菌成分でないためFRAC対象外,ジノテフランを含む農薬の総使用回数：3回以内(塗布は1回以内),ペンチオピラドを含む農薬の総使用回数：3回以内
23372,ジノテフラン・ペンチオピラド水和剤,スターガードプラスＡＬ,殺虫殺菌剤,2013/10/23,ぶどう,さび病,散布,原液,,,,収穫7日前まで,,,,,3回以内,penthiopyrad,7,ジノテフランは殺菌成分でないためFRAC対象外,ジノテフランを含む農薬の総使用回数：3回以内(塗布は1回以内),ペンチオピラドを含む農薬の総使用回数：3回以内
23435,エタボキサム水和剤,エトフィンフロアブル,殺菌剤,2014/2/26,ぶどう,べと病,散布,1000倍,1000,1000,32,収穫7日前まで,200～700L/10a,200,700,5,4回以内,ethaboxam,22,,エタボキサムを含む農薬の総使用回数：4回以内,
23436,エタボキサム水和剤,日曹エトフィンフロアブル,殺菌剤,2014/2/26,ぶどう,べと病,散布,1000倍,1000,1000,32,収穫7日前まで,200～700L/10a,200,700,5,4回以内,ethaboxam,22,,エタボキサムを含む農薬の総使用回数：4回以内,
23454,アメトクトラジン水和剤,ザンプロフロアブル,殺菌剤,2014/4/24,ぶどう,べと病,散布,1000倍,1000,1000,32,収穫7日前まで,200～700L/10a,200,700,5,3回以内,ametoctradin,45,,アメトクトラジンを含む農薬の総使用回数：3回以内,
23455,アメトクトラジン・ジメトモルフ水和剤,ザンプロＤＭフロアブル,殺菌剤,2014/4/24,小粒種ぶどう,べと病,散布,2000～3000倍,2000,3000,32,収穫45日前まで,200～700L/10a,200,700,5,2回以内,ametoctradin/dimethomorph,45/40,,アメトクトラジンを含む農薬の総使用回数：3回以内,ジメトモルフを含む農薬の総使用回数：2回以内
23455,アメトクトラジン・ジメトモルフ水和剤,ザンプロＤＭフロアブル,殺菌剤,2014/4/24,大粒種ぶどう,べと病,散布,2000～3000倍,2000,3000,32,収穫30日前まで,200～700L/10a,200,700,5,2回以内,ametoctradin/dimethomorph,45/40,,アメトクトラジンを含む農薬の総使用回数：3回以内,ジメトモルフを含む農薬の総使用回数：2回以内
23473,バチルス　アミロリクエファシエンス水和剤,インプレッションクリア,殺菌剤,2014/5/28,ぶどう,灰色かび病,散布,1000倍,1000,1000,32,発病前～発病初期,200～700L/10a,200,700,5,-,bacillus-amyloliquefaciens,BM02,PDF: BM02 の Bacillus amyloliquefaciens（2020年に F6/コード44 から再分類）,,
23478,ダゾメット粉粒剤,バスアミド微粒剤,殺菌剤,2014/5/28,ぶどう,白紋羽病,被害株跡地に本剤の所定量を均一に散布して土壌と十分混和する｡,50～100g/㎡,50,100,3,夏期～秋期,,,,,1回,dazomet,,要確認: FRAC PDF に記載なし（土壌くん蒸剤）,ダゾメットを含む農薬の総使用回数：1回,
23479,ダゾメット粉粒剤,クミアイガスタード微粒剤,殺菌剤,2014/5/28,ぶどう,白紋羽病,被害株跡地に本剤の所定量を均一に散布して土壌と十分混和する｡,50～100g/㎡,50,100,3,夏期～秋期,,,,,1回,dazomet,,要確認: FRAC PDF に記載なし（土壌くん蒸剤）,ダゾメットを含む農薬の総使用回数：1回,
23498,トリフルミゾール水和剤,協友トリフミン水和剤,殺菌剤,2014/7/23,ぶどう,うどんこ病,散布,2000～3000倍,2000,3000,32,収穫7日前まで,200～700L/10a,200,700,5,3回以内,triflumizole,3,,トリフルミゾールを含む農薬の総使用回数：3回以内,
23498,トリフルミゾール水和剤,協友トリフミン水和剤,殺菌剤,2014/7/23,ぶどう,黒とう病,散布,2000倍,2000,2000,32,収穫7日前まで,200～700L/10a,200,700,5,3回以内,triflumizole,3,,トリフルミゾールを含む農薬の総使用回数：3回以内,
23498,トリフルミゾール水和剤,協友トリフミン水和剤,殺菌剤,2014/7/23,ぶどう,褐斑病,散布,2000倍,2000,2000,32,収穫7日前まで,200～700L/10a,200,700,5,3回以内,triflumizole,3,,トリフルミゾールを含む農薬の総使用回数：3回以内,
23522,有機銅水和剤,キノンドー顆粒水和剤,殺菌剤,2014/9/10,ぶどう,枝膨病,散布,1000倍,1000,1000,32,収穫45日前まで,200～700L/10a,200,700,5,4回以内（開花後は1回),copper,M1,有機銅: PDF の copper 注記「有機銅錯体にも当てはまる」に基づき M1（推定）,有機銅を含む農薬の総使用回数：7回以内(塗布は3回以内､散布は4回以内(但し､開花後は1回以内)),
23522,有機銅水和剤,キノンドー顆粒水和剤,殺菌剤,2014/9/10,ぶどう,黒とう病,散布,1000倍,1000,1000,32,収穫45日前まで,200～700L/10a,200,700,5,4回以内（開花後は1回),copper,M1,有機銅: PDF の copper 注記「有機銅錯体にも当てはまる」に基づき M1（推定）,有機銅を含む農薬の総使用回数：7回以内(塗布は3回以内､散布は4回以内(但し､開花後は1回以内)),
23522,有機銅水和剤,キノンドー顆粒水和剤,殺菌剤,2014/9/10,ぶどう,べと病,散布,1000倍,1000,1000,32,収穫45日前まで,200～700L/10a,200,700,5,4回以内（開花後は1回),copper,M1,有機銅: PDF の copper 注記「有機銅錯体にも当てはまる」に基づき M1（推定）,有機銅を含む農薬の総使用回数：7回以内(塗布は3回以内､散布は4回以内(但し､開花後は1回以内)),
23641,石灰硫黄合剤,ＯＡＴ石灰硫黄合剤,殺菌剤,2015/3/18,果樹類,ハダニ類,散布,80～200倍,80,200,32,夏期,,,,,-,calcium-polysulphide,,要確認: FRAC PDF に石灰硫黄合剤の記載なし（M2 の可能性）,,
23641,石灰硫黄合剤,ＯＡＴ石灰硫黄合剤,殺菌剤,2015/3/18,果樹類,サビダニ類,散布,80～200倍,80,200,32,夏期,,,,,-,calcium-polysulphide,,要確認: FRAC PDF に石灰硫黄合剤の記載なし（M2 の可能性）,,
23641,石灰硫黄合剤,ＯＡＴ石灰硫黄合剤,殺菌剤,2015/3/18,果樹類,ハダニ類,散布,20～40倍,20,40,32,冬期,,,,,-,calcium-polysulphide,,要確認: FRAC PDF に石灰硫黄合剤の記載なし（M2 の可能性）,,
23641,石灰硫黄合剤,ＯＡＴ石灰硫黄合剤,殺菌剤,2015/3/18,果樹類,サビダニ類,散布,20～40倍,20,40,32,冬期,,,,,-,calcium-polysulphide,,要確認: FRAC PDF に石灰硫黄合剤の記載なし（M2 の可能性）,,
23692,ジメトモルフ水和剤,協友フェスティバル水和剤,殺菌剤,2015/8/26,小粒種ぶどう,べと病,散布,2000倍,2000,2000,32,収穫45日前まで,200～700L/10a,200,700,5,2回以内,dimethomorph,40,,ジメトモルフを含む農薬の総使用回数：2回以内,
23692,ジメトモルフ水和剤,協友フェスティバル水和剤,殺菌剤,2015/8/26,大粒種ぶどう,べと病,散布,2000倍,2000,2000,32,収穫30日前まで,200～700L/10a,200,700,5,2回以内,dimethomorph,40,,ジメトモルフを含む農薬の総使用回数：2回以内,
23701,マンデストロビン水和剤,スクレアフロアブル,殺菌剤,2015/9/14,ぶどう,つる割病,散布,500～1000倍,500,1000,32,休眠期,200～700L/10a,200,700,5,1回,mandestrobin,11,,マンデストロビンを含む農薬の総使用回数：4回以内(休眠期は1回以内､生育期は3回以内),
23701,マンデストロビン水和剤,スクレアフロアブル,殺菌剤,2015/9/14,ぶどう,晩腐病,散布,2000～3000倍,,,,収穫前日まで,200～700L/10a,200,700,5,3回以内,mandestrobin,11,,マンデストロビンを含む農薬の総使用回数：4回以内(休眠期は1回以内､生育期は3回以内),
23701,マンデストロビン水和剤,スクレアフロアブル,殺菌剤,2015/9/14,ぶどう,黒とう病,散布,2000～3000倍,,,,収穫前日まで,200～700L/10a,200,700,5,3回以内,mandestrobin,11,,マンデストロビンを含む農薬の総使用回数：4回以内(休眠期は1回以内､生育期は3回以内),
23701,マンデストロビン水和剤,スクレアフロアブル,殺菌剤,2015/9/14,ぶどう,うどんこ病,散布,2000～3000倍,,,,収穫前日まで,200～700L/10a,200,700,5,3回以内,mandestrobin,11,,マンデストロビンを含む農薬の総使用回数：4回以内(休眠期は1回以内､生育期は3回以内),
23701,マンデストロビン水和剤,スクレアフロアブル,殺菌剤,2015/9/14,ぶどう,灰色かび病,散布,2000～3000倍,,,,収穫前日まで,200～700L/10a,200,700,5,3回以内,mandestrobin,11,,マンデストロビンを含む農薬の総使用回数：4回以内(休眠期は1回以内､生育期は3回以内),
23921,イソピラザム水和剤,ネクスターフロアブル,殺菌剤,2017/2/23,ぶどう,うどんこ病,散布,1500倍,1500,1500,32,収穫7日前まで,200～700L/10a,200,700,5,3回以内,isopyrazam,7,,イソピラザムを含む農薬の総使用回数：3回以内,
23921,イソピラザム水和剤,ネクスターフロアブル,殺菌剤,2017/2/23,ぶどう,褐斑病,散布,1500倍,1500,1500,32,収穫7日前まで,200～700L/10a,200,700,5,3回以内,isopyrazam,7,,イソピラザムを含む農薬の総使用回数：3回以内,
23921,イソピラザム水和剤,ネクスターフロアブル,殺菌剤,2017/2/23,ぶどう,黒とう病,散布,1500倍,1500,1500,32,収穫7日前まで,200～700L/10a,200,700,5,3回以内,isopyrazam,7,,イソピラザムを含む農薬の総使用回数：3回以内,
23921,イソピラザム水和剤,ネクスターフロアブル,殺菌剤,2017/2/23,ぶどう,灰色かび病,散布,1500倍,1500,1500,32,収穫7日前まで,200～700L/10a,200,700,5,3回以内,isopyrazam,7,,イソピラザムを含む農薬の総使用回数：3回以内,
23922,イソピラザム水和剤,シンジェンタ　ネクスターフロアブル,殺菌剤,2017/2/23,ぶどう,うどんこ病,散布,1500倍,1500,1500,32,収穫7日前まで,200～700L/10a,200,700,5,3回以内,isopyrazam,7,,イソピラザムを含む農薬の総使用回数：3回以内,
23922,イソピラザム水和剤,シンジェンタ　ネクスターフロアブル,殺菌剤,2017/2/23,ぶどう,褐斑病,散布,1500倍,1500,1500,32,収穫7日前まで,200～700L/10a,200,700,5,3回以内,isopyrazam,7,,イソピラザムを含む農薬の総使用回数：3回以内,
23922,イソピラザム水和剤,シンジェンタ　ネクスターフロアブル,殺菌剤,2017/2/23,ぶどう,黒とう病,散布,1500倍,1500,1500,32,収穫7日前まで,200～700L/10a,200,700,5,3回以内,isopyrazam,7,,イソピラザムを含む農薬の総使用回数：3回以内,
23922,イソピラザム水和剤,シンジェンタ　ネクスターフロアブル,殺菌剤,2017/2/23,ぶどう,灰色かび病,散布,1500倍,1500,1500,32,収穫7日前まで,200～700L/10a,200,700,5,3回以内,isopyrazam,7,,イソピラザムを含む農薬の総使用回数：3回以内,
23925,銅・ベンチアバリカルブイソプロピル水和剤,デリシャス水和剤,殺菌剤,2017/3/16,ぶどう,べと病,散布,1000倍,1000,1000,32,収穫14日前まで,200～700L/10a,200,700,5,3回以内,copper/benthiavalicarb,M1/40,,ベンチアバリカルブイソプロピルを含む農薬の総使用回数：3回以内,
23926,銅水和剤,クプロザートフロアブル,殺菌剤,2017/3/16,ぶどう,べと病,散布,1000倍,1000,1000,32,発病前～発病初期,200～700L/10a,200,700,5,-,copper,M1,,,
23927,銅水和剤,クプロシールド,殺菌剤,2017/3/16,ぶどう,べと病,散布,1000倍,1000,1000,32,発病前～発病初期,200～700L/10a,200,700,5,-,copper,M1,,,
23993,イソフェタミド水和剤,ケンジャフロアブル,殺菌剤,2017/11/20,ぶどう,黒とう病,散布,1500倍,1500,1500,32,収穫7日前まで,200～700L/10a,200,700,5,3回以内,isofetamid,7,,イソフェタミドを含む農薬の総使用回数：3回以内,
23993,イソフェタミド水和剤,ケンジャフロアブル,殺菌剤,2017/11/20,ぶどう,灰色かび病,散布,1500倍,1500,1500,32,収穫7日前まで,200～700L/10a,200,700,5,3回以内,isofetamid,7,,イソフェタミドを含む農薬の総使用回数：3回以内,
23993,イソフェタミド水和剤,ケンジャフロアブル,殺菌剤,2017/11/20,ぶどう,褐斑病,散布,1500倍,1500,1500,32,収穫7日前まで,200～700L/10a,200,700,5,3回以内,isofetamid,7,,イソフェタミドを含む農薬の総使用回数：3回以内,
23993,イソフェタミド水和剤,ケンジャフロアブル,殺菌剤,2017/11/20,ぶどう,うどんこ病,散布,1500倍,1500,1500,32,収穫7日前まで,200～700L/10a,200,700,5,3回以内,isofetamid,7,,イソフェタミドを含む農薬の総使用回数：3回以内,
24001,銅水和剤,ホクサンクプロシールド,殺菌剤,2017/11/22,ぶどう,べと病,散布,1000倍,1000,1000,32,発病前～発病初期,200～700L/10a,200,700,5,-,copper,M1,,,
24002,銅水和剤,兼商クプロシールド,殺菌剤,2017/11/22,ぶどう,べと病,散布,1000倍,1000,1000,32,発病前～発病初期,200～700L/10a,200,700,5,-,copper,M1,,,
24041,銅水和剤,Ｚボルドー,殺菌剤,2018/2/14,ぶどう,べと病,散布,500～800倍,500,800,32,発病前～発病初期,200～700L/10a,200,700,5,-,copper,M1,,,
24041,銅水和剤,Ｚボルドー,殺菌剤,2018/2/14,ぶどう,さび病,散布,500～800倍,500,800,32,発病前～発病初期,200～700L/10a,200,700,5,-,copper,M1,,,
24041,銅水和剤,Ｚボルドー,殺菌剤,2018/2/14,ぶどう,褐斑病,散布,500～800倍,500,800,32,発病前～発病初期,200～700L/10a,200,700,5,-,copper,M1,,,
24041,銅水和剤,Ｚボルドー,殺菌剤,2018/2/14,ぶどう,つる割細菌病,散布,800倍,800,800,32,発病前～発病初期,200～700L/10a,200,700,5,-,copper,M1,,,
24044,シフルフェナミド水和剤,コナケシ顆粒水和剤,殺菌剤,2018/2/14,ぶどう,うどんこ病,散布,4000倍,4000,4000,32,収穫前日まで,200～700L/10a,200,700,5,2回以内,cyflufenamid,U06,,シフルフェナミドを含む農薬の総使用回数：2回以内,
24072,ピラジフルミド水和剤,パレード１５フロアブル,殺菌剤,2018/3/30,ぶどう,黒とう病,散布,2000～3000倍,2000,3000,32,収穫7日前まで,200～700L/10a,200,700,5,2回以内,pyraziflumid,7,,ピラジフルミドを含む農薬の総使用回数：2回以内,
24072,ピラジフルミド水和剤,パレード１５フロアブル,殺菌剤,2018/3/30,ぶどう,さび病,散布,2000～3000倍,2000,3000,32,収穫7日前まで,200～700L/10a,200,700,5,2回以内,pyraziflumid,7,,ピラジフルミドを含む農薬の総使用回数：2回以内,
24072,ピラジフルミド水和剤,パレード１５フロアブル,殺菌剤,2018/3/30,ぶどう,灰色かび病,散布,2000～3000倍,2000,3000,32,収穫7日前まで,200～700L/10a,200,700,5,2回以内,pyraziflumid,7,,ピラジフルミドを含む農薬の総使用回数：2回以内,
24072,ピラジフルミド水和剤,パレード１５フロアブル,殺菌剤,2018/3/30,ぶどう,褐斑病,散布,2000～3000倍,2000,3000,32,収穫7日前まで,200～700L/10a,200,700,5,2回以内,pyraziflumid,7,,ピラジフルミドを含む農薬の総使用回数：2回以内,
24072,ピラジフルミド水和剤,パレード１５フロアブル,殺菌剤,2018/3/30,ぶどう,うどんこ病,散布,2000～3000倍,2000,3000,32,収穫7日前まで,200～700L/10a,200,700,5,2回以内,pyraziflumid,7,,ピラジフルミドを含む農薬の総使用回数：2回以内,
24118,還元澱粉糖化物・クロチアニジン・マンデストロビン水和剤,ベニカＶフレッシュスプレー,殺虫殺菌剤,2018/9/12,ぶどう,コナカイガラムシ類,散布,原液,,,,収穫前日まで,,,,,3回以内,mandestrobin,11,還元澱粉糖化物は殺菌成分でないためFRAC対象外; クロチアニジンは殺菌成分でないためFRAC対象外,クロチアニジンを含む農薬の総使用回数：3回以内,マンデストロビンを含む農薬の総使用回数：4回以内(休眠期は1回以内､生育期は3回以内)
24118,還元澱粉糖化物・クロチアニジン・マンデストロビン水和剤,ベニカＶフレッシュスプレー,殺虫殺菌剤,2018/9/12,ぶどう,コガネムシ類成虫,散布,原液,,,,収穫前日まで,,,,,3回以内,mandestrobin,11,還元澱粉糖化物は殺菌成分でないためFRAC対象外; クロチアニジンは殺菌成分でないためFRAC対象外,クロチアニジンを含む農薬の総使用回数：3回以内,マンデストロビンを含む農薬の総使用回数：4回以内(休眠期は1回以内､生育期は3回以内)
24164,オキサチアピプロリン・マンジプロパミド水和剤,オロンディスウルトラＳＣ,殺菌剤,2018/11/21,ぶどう,べと病,散布,2000倍,2000,2000,32,収穫14日前まで,200～700L/10a,200,700,5,2回以内,oxathiapiprolin/mandipropamid,49/40,,オキサチアピプロリンを含む農薬の総使用回数：2回以内,マンジプロパミドを含む農薬の総使用回数：3回以内
24191,キャプタン・ペンチオピラド水和剤,フルーツガードＷＤＧ,殺菌剤,2019/1/30,ぶどう,灰色かび病,散布,800倍,800,800,32,収穫30日前まで,200～700L/10a,200,700,5,3回以内,captan/penthiopyrad,M4/7,,キャプタンを含む農薬の総使用回数：3回以内,ペンチオピラドを含む農薬の総使用回数：3回以内
24191,キャプタン・ペンチオピラド水和剤,フルーツガードＷＤＧ,殺菌剤,2019/1/30,ぶどう,褐斑病,散布,800倍,800,800,32,収穫30日前まで,200～700L/10a,200,700,5,3回以内,captan/penthiopyrad,M4/7,,キャプタンを含む農薬の総使用回数：3回以内,ペンチオピラドを含む農薬の総使用回数：3回以内
24191,キャプタン・ペンチオピラド水和剤,フルーツガードＷＤＧ,殺菌剤,2019/1/30,ぶどう,晩腐病,散布,800倍,800,800,32,収穫30日前まで,200～700L/10a,200,700,5,3回以内,captan/penthiopyrad,M4/7,,キャプタンを含む農薬の総使用回数：3回以内,ペンチオピラドを含む農薬の総使用回数：3回以内
24191,キャプタン・ペンチオピラド水和剤,フルーツガードＷＤＧ,殺菌剤,2019/1/30,ぶどう,黒とう病,散布,800倍,800,800,32,収穫30日前まで,200～700L/10a,200,700,5,3回以内,captan/penthiopyrad,M4/7,,キャプタンを含む農薬の総使用回数：3回以内,ペンチオピラドを含む農薬の総使用回数：3回以内
24191,キャプタン・ペンチオピラド水和剤,フルーツガードＷＤＧ,殺菌剤,2019/1/30,ぶどう,さび病,散布,800倍,800,800,32,収穫30日前まで,200～700L/10a,200,700,5,3回以内,captan/penthiopyrad,M4/7,,キャプタンを含む農薬の総使用回数：3回以内,ペンチオピラドを含む農薬の総使用回数：3回以内
24191,キャプタン・ペンチオピラド水和剤,フルーツガードＷＤＧ,殺菌剤,2019/1/30,ぶどう,べと病,散布,800倍,800,800,32,収穫30日前まで,200～700L/10a,200,700,5,3回以内,captan/penthiopyrad,M4/7,,キャプタンを含む農薬の総使用回数：3回以内,ペンチオピラドを含む農薬の総使用回数：3回以内
24191,キャプタン・ペンチオピラド水和剤,フルーツガードＷＤＧ,殺菌剤,2019/1/30,ぶどう,うどんこ病,散布,800倍,800,800,32,収穫30日前まで,200～700L/10a,200,700,5,3回以内,captan/penthiopyrad,M4/7,,キャプタンを含む農薬の総使用回数：3回以内,ペンチオピラドを含む農薬の総使用回数：3回以内
24253,オキサチアピプロリン水和剤,ゾーベック　エニケード　ＯＤ,殺菌剤,2019/8/7,ぶどう,べと病,散布,5000倍,5000,5000,32,収穫14日前まで,200～700L/10a,200,700,5,2回以内,oxathiapiprolin,49,,オキサチアピプロリンを含む農薬の総使用回数：2回以内,
24256,オキサチアピプロリン・マンゼブ水和剤,ゾーベック　エニベル　顆粒水和剤,殺菌剤,2019/8/7,ぶどう,べと病,散布,750倍,750,750,32,収穫45日前まで,200～700L/10a,200,700,5,2回以内,oxathiapiprolin/mancozeb,49/M3,,オキサチアピプロリンを含む農薬の総使用回数：2回以内,マンゼブを含む農薬の総使用回数：2回以内
24256,オキサチアピプロリン・マンゼブ水和剤,ゾーベック　エニベル　顆粒水和剤,殺菌剤,2019/8/7,ぶどう,晩腐病,散布,750倍,750,750,32,収穫45日前まで,200～700L/10a,200,700,5,2回以内,oxathiapiprolin/mancozeb,49/M3,,オキサチアピプロリンを含む農薬の総使用回数：2回以内,マンゼブを含む農薬の総使用回数：2回以内
24265,インピルフルキサム水和剤,カナメフロアブル,殺菌剤,2019/9/20,ぶどう,黒とう病,散布,4000倍,4000,4000,32,収穫前日まで,200～700L/10a,200,700,5,3回以内,inpyrfluxam,7,,インピルフルキサムを含む農薬の総使用回数：3回以内,
24265,インピルフルキサム水和剤,カナメフロアブル,殺菌剤,2019/9/20,ぶどう,さび病,散布,4000倍,4000,4000,32,収穫前日まで,200～700L/10a,200,700,5,3回以内,inpyrfluxam,7,,インピルフルキサムを含む農薬の総使用回数：3回以内,
24265,インピルフルキサム水和剤,カナメフロアブル,殺菌剤,2019/9/20,ぶどう,うどんこ病,散布,4000倍,4000,4000,32,収穫前日まで,200～700L/10a,200,700,5,3回以内,inpyrfluxam,7,,インピルフルキサムを含む農薬の総使用回数：3回以内,
24265,インピルフルキサム水和剤,カナメフロアブル,殺菌剤,2019/9/20,ぶどう,褐斑病,散布,4000倍,4000,4000,32,収穫前日まで,200～700L/10a,200,700,5,3回以内,inpyrfluxam,7,,インピルフルキサムを含む農薬の総使用回数：3回以内,
24265,インピルフルキサム水和剤,カナメフロアブル,殺菌剤,2019/9/20,ぶどう,灰色かび病,散布,4000～8000倍,4000,8000,32,収穫前日まで,200～700L/10a,200,700,5,3回以内,inpyrfluxam,7,,インピルフルキサムを含む農薬の総使用回数：3回以内,
24345,銅水和剤,クミガードＳＣ,殺菌剤,2020/2/26,ぶどう,べと病,散布,1000倍,1000,1000,32,発病前～発病初期,200～700L/10a,200,700,5,－,copper,M1,,,
24345,銅水和剤,クミガードＳＣ,殺菌剤,2020/2/26,ぶどう,さび病,散布,1000倍,1000,1000,32,発病前～発病初期,200～700L/10a,200,700,5,－,copper,M1,,,
24350,インピルフルキサム水和剤,ミリオネアフロアブル,殺菌剤,2020/2/26,ぶどう,黒とう病,散布,4000倍,4000,4000,32,収穫前日まで,200～700L/10a,200,700,5,3回以内,inpyrfluxam,7,,インピルフルキサムを含む農薬の総使用回数：3回以内,
24350,インピルフルキサム水和剤,ミリオネアフロアブル,殺菌剤,2020/2/26,ぶどう,さび病,散布,4000倍,4000,4000,32,収穫前日まで,200～700L/10a,200,700,5,3回以内,inpyrfluxam,7,,インピルフルキサムを含む農薬の総使用回数：3回以内,
24350,インピルフルキサム水和剤,ミリオネアフロアブル,殺菌剤,2020/2/26,ぶどう,うどんこ病,散布,4000倍,4000,4000,32,収穫前日まで,200～700L/10a,200,700,5,3回以内,inpyrfluxam,7,,インピルフルキサムを含む農薬の総使用回数：3回以内,
24350,インピルフルキサム水和剤,ミリオネアフロアブル,殺菌剤,2020/2/26,ぶどう,褐斑病,散布,4000倍,4000,4000,32,収穫前日まで,200～700L/10a,200,700,5,3回以内,inpyrfluxam,7,,インピルフルキサムを含む農薬の総使用回数：3回以内,
24350,インピルフルキサム水和剤,ミリオネアフロアブル,殺菌剤,2020/2/26,ぶどう,灰色かび病,散布,4000～8000倍,4000,8000,32,収穫前日まで,200～700L/10a,200,700,5,3回以内,inpyrfluxam,7,,インピルフルキサムを含む農薬の総使用回数：3回以内,
24408,イプフルフェノキン水和剤,ミギワ２０フロアブル,殺菌剤,2020/7/14,ぶどう,灰色かび病,散布,2000～4000倍,2000,4000,32,収穫前日まで,200～700L/10a,200,700,5,3回以内,ipflufenoquin,52,,イプフルフェノキンを含む農薬の総使用回数：3回以内,
24408,イプフルフェノキン水和剤,ミギワ２０フロアブル,殺菌剤,2020/7/14,ぶどう,褐斑病,散布,2000倍,2000,2000,32,収穫前日まで,200～700L/10a,200,700,5,3回以内,ipflufenoquin,52,,イプフルフェノキンを含む農薬の総使用回数：3回以内,
24408,イプフルフェノキン水和剤,ミギワ２０フロアブル,殺菌剤,2020/7/14,ぶどう,晩腐病,散布,2000～4000倍,2000,4000,32,収穫前日まで,200～700L/10a,200,700,5,3回以内,ipflufenoquin,52,,イプフルフェノキンを含む農薬の総使用回数：3回以内,
24408,イプフルフェノキン水和剤,ミギワ２０フロアブル,殺菌剤,2020/7/14,ぶどう,黒とう病,散布,2000倍,2000,2000,32,収穫前日まで,200～700L/10a,200,700,5,3回以内,ipflufenoquin,52,,イプフルフェノキンを含む農薬の総使用回数：3回以内,
24416,銅水和剤,キュプロフィックス４０,殺菌剤,2020/8/12,ぶどう,べと病,散布,500倍,500,500,32,-,200～700L/10a,200,700,5,-,copper,M1,,,
24416,銅水和剤,キュプロフィックス４０,殺菌剤,2020/8/12,ぶどう,さび病,散布,500倍,500,500,32,-,200～700L/10a,200,700,5,-,copper,M1,,,
24417,銅水和剤,日曹ムッシュボルドーＤＦ,殺菌剤,2020/8/12,ぶどう,べと病,散布,500倍,500,500,32,発病前～発病初期,200～700L/10a,200,700,5,-,copper,M1,,,
24417,銅水和剤,日曹ムッシュボルドーＤＦ,殺菌剤,2020/8/12,ぶどう,さび病,散布,500倍,500,500,32,発病前～発病初期,200～700L/10a,200,700,5,-,copper,M1,,,
24419,シモキサニル・マンゼブ水和剤,カビナイスＰＺ水和剤,殺菌剤,2020/8/26,ぶどう,べと病,散布,1000～1500倍,1000,1500,32,収穫45日前まで,200～700L/10a,200,700,5,2回以内,cymoxanil/mancozeb,27/M3,,シモキサニルを含む農薬の総使用回数：3回以内,マンゼブを含む農薬の総使用回数：2回以内
24455,ストレプトマイシン液剤,ストマイ液剤２０,殺菌植調剤,2020/11/25,ぶどう,,散布,1000倍(200ppm),,,,満開予定日の14日前～開花始期,200～700L/10a,200,700,5,1回,streptomycin,25,,ストレプトマイシンを含む農薬の総使用回数：1回,
24455,ストレプトマイシン液剤,ストマイ液剤２０,殺菌植調剤,2020/11/25,ぶどう,,花房浸漬,1000倍(200ppm),,,,満開予定日の14日前～開花始期,-,,,,1回,streptomycin,25,,ストレプトマイシンを含む農薬の総使用回数：1回,
24455,ストレプトマイシン液剤,ストマイ液剤２０,殺菌植調剤,2020/11/25,ぶどう,,花房浸漬(第1回目ｼﾞﾍﾞﾚﾘﾝ処理と併用),1000倍(200ppm),,,,満開予定日の14日前～満開期,-,,,,1回,streptomycin,25,,ストレプトマイシンを含む農薬の総使用回数：1回,
24620,キャプタン・フルオキサストロビン水和剤,エビート顆粒水和剤,殺菌剤,2022/2/25,ぶどう,晩腐病,散布,1000倍,1000,1000,32,収穫30日前まで,200～700L/10a,200,700,5,2回以内,captan/fluoxastrobin,M4/11,,キャプタンを含む農薬の総使用回数：3回以内,フルオキサストロビンを含む農薬の総使用回数：2回以内
24620,キャプタン・フルオキサストロビン水和剤,エビート顆粒水和剤,殺菌剤,2022/2/25,ぶどう,灰色かび病,散布,1000倍,1000,1000,32,収穫30日前まで,200～700L/10a,200,700,5,2回以内,captan/fluoxastrobin,M4/11,,キャプタンを含む農薬の総使用回数：3回以内,フルオキサストロビンを含む農薬の総使用回数：2回以内
24620,キャプタン・フルオキサストロビン水和剤,エビート顆粒水和剤,殺菌剤,2022/2/25,ぶどう,べと病,散布,1000倍,1000,1000,32,収穫30日前まで,200～700L/10a,200,700,5,2回以内,captan/fluoxastrobin,M4/11,,キャプタンを含む農薬の総使用回数：3回以内,フルオキサストロビンを含む農薬の総使用回数：2回以内
24778,メフェントリフルコナゾール水和剤,ベランティーフロアブル,殺菌剤,2023/10/18,ぶどう,灰色かび病,散布,8000倍,8000,8000,32,収穫前日まで,200～700L/10a,200,700,5,3回以内,mefentrifluconazole,3,,メフェントリフルコナゾールを含む農薬の総使用回数：3回以内,
24778,メフェントリフルコナゾール水和剤,ベランティーフロアブル,殺菌剤,2023/10/18,ぶどう,黒とう病,散布,8000倍,8000,8000,32,収穫前日まで,200～700L/10a,200,700,5,3回以内,mefentrifluconazole,3,,メフェントリフルコナゾールを含む農薬の総使用回数：3回以内,
24778,メフェントリフルコナゾール水和剤,ベランティーフロアブル,殺菌剤,2023/10/18,ぶどう,うどんこ病,散布,8000倍,8000,8000,32,収穫前日まで,200～700L/10a,200,700,5,3回以内,mefentrifluconazole,3,,メフェントリフルコナゾールを含む農薬の総使用回数：3回以内,
24833,フルベンジアミド・フロニカミド・ピラジフルミド水和剤,カダンベジＭＡＸ,殺虫殺菌剤,2024/2/14,ぶどう,ケムシ類,散布,原液,,,,開花前まで,,,,,2回以内,pyraziflumid,7,フルベンジアミドは殺菌成分でないためFRAC対象外; フロニカミドは殺菌成分でないためFRAC対象外,フルベンジアミドを含む農薬の総使用回数：3回以内(樹幹散布は1回以内､散布は2回以内),フロニカミドを含む農薬の総使用回数：2回以内／ピラジフルミドを含む農薬の総使用回数：2回以内
24834,フルベンジアミド・フロニカミド・ピラジフルミド水和剤,カダンＭＡＸ,殺虫殺菌剤,2024/2/14,ぶどう,ケムシ類,散布,原液,,,,開花前まで,,,,,2回以内,pyraziflumid,7,フルベンジアミドは殺菌成分でないためFRAC対象外; フロニカミドは殺菌成分でないためFRAC対象外,フルベンジアミドを含む農薬の総使用回数：3回以内(樹幹散布は1回以内､散布は2回以内),フロニカミドを含む農薬の総使用回数：2回以内／ピラジフルミドを含む農薬の総使用回数：2回以内
24860,マンゼブ水和剤,マンゼート水和剤,殺菌剤,2024/3/27,ぶどう,黒とう病,散布,1000倍,1000,1000,32,収穫45日前まで,200～700L/10a,200,700,5,2回以内,mancozeb,M3,,マンゼブを含む農薬の総使用回数：2回以内,
24860,マンゼブ水和剤,マンゼート水和剤,殺菌剤,2024/3/27,ぶどう,べと病,散布,1000倍,1000,1000,32,収穫45日前まで,200～700L/10a,200,700,5,2回以内,mancozeb,M3,,マンゼブを含む農薬の総使用回数：2回以内,
24860,マンゼブ水和剤,マンゼート水和剤,殺菌剤,2024/3/27,ぶどう,晩腐病,散布,1000倍,1000,1000,32,収穫45日前まで,200～700L/10a,200,700,5,2回以内,mancozeb,M3,,マンゼブを含む農薬の総使用回数：2回以内,
24860,マンゼブ水和剤,マンゼート水和剤,殺菌剤,2024/3/27,ぶどう,褐斑病,散布,1000倍,1000,1000,32,収穫45日前まで,200～700L/10a,200,700,5,2回以内,mancozeb,M3,,マンゼブを含む農薬の総使用回数：2回以内,
24860,マンゼブ水和剤,マンゼート水和剤,殺菌剤,2024/3/27,ぶどう,さび病,散布,1000倍,1000,1000,32,収穫45日前まで,200～700L/10a,200,700,5,2回以内,mancozeb,M3,,マンゼブを含む農薬の総使用回数：2回以内,
24948,キノフメリン水和剤,アイーナ２０フロアブル,殺菌剤,2025/2/10,ぶどう,灰色かび病,散布,2000～4000倍,2000,4000,32,収穫前日まで,200～700L/10a,200,700,5,3回以内,quinofumelin,52,,キノフメリンを含む農薬の総使用回数：3回以内,
24948,キノフメリン水和剤,アイーナ２０フロアブル,殺菌剤,2025/2/10,ぶどう,晩腐病,散布,2000～4000倍,2000,4000,32,収穫前日まで,200～700L/10a,200,700,5,3回以内,quinofumelin,52,,キノフメリンを含む農薬の総使用回数：3回以内,
24948,キノフメリン水和剤,アイーナ２０フロアブル,殺菌剤,2025/2/10,ぶどう,褐斑病,散布,2000～4000倍,2000,4000,32,収穫前日まで,200～700L/10a,200,700,5,3回以内,quinofumelin,52,,キノフメリンを含む農薬の総使用回数：3回以内,
24955,キャプタン水和剤,ホクコーオーソサイド水和剤８０,殺菌剤,2025/3/12,ぶどう,晩腐病,散布,800倍,800,800,32,収穫30日前まで,200～700L/10a,200,700,5,3回以内,captan,M4,,キャプタンを含む農薬の総使用回数：3回以内,
24955,キャプタン水和剤,ホクコーオーソサイド水和剤８０,殺菌剤,2025/3/12,ぶどう,褐斑病,散布,800倍,800,800,32,収穫30日前まで,200～700L/10a,200,700,5,3回以内,captan,M4,,キャプタンを含む農薬の総使用回数：3回以内,
24955,キャプタン水和剤,ホクコーオーソサイド水和剤８０,殺菌剤,2025/3/12,ぶどう,灰色かび病,散布,800倍,800,800,32,収穫30日前まで,200～700L/10a,200,700,5,3回以内,captan,M4,,キャプタンを含む農薬の総使用回数：3回以内,
24955,キャプタン水和剤,ホクコーオーソサイド水和剤８０,殺菌剤,2025/3/12,ぶどう,べと病,散布,800倍,800,800,32,収穫30日前まで,200～700L/10a,200,700,5,3回以内,captan,M4,,キャプタンを含む農薬の総使用回数：3回以内,
24955,キャプタン水和剤,ホクコーオーソサイド水和剤８０,殺菌剤,2025/3/12,ぶどう,枝膨病,散布,800倍,800,800,32,収穫30日前まで,200～700L/10a,200,700,5,3回以内,captan,M4,,キャプタンを含む農薬の総使用回数：3回以内,
24955,キャプタン水和剤,ホクコーオーソサイド水和剤８０,殺菌剤,2025/3/12,ぶどう,黒とう病,散布,800倍,800,800,32,収穫30日前まで,200～700L/10a,200,700,5,3回以内,captan,M4,,キャプタンを含む農薬の総使用回数：3回以内,
24958,非病原性リゾビウム　ビティス水和剤,エコアーク,殺菌剤,2025/3/26,ぶどう,根頭がんしゅ病,苗の根部を希釈液に1～24時間浸漬する｡,5000倍,5000,5000,32,移植時又は定植時,-,,,,-,rhizobium-vitis,BM02,PDF: BM02 の R. vitis strain ARK-1（株の一致はラベルで要確認）,,
24958,非病原性リゾビウム　ビティス水和剤,エコアーク,殺菌剤,2025/3/26,ぶどう,根頭がんしゅ病,挿し穂基部を希釈液に1～24時間浸漬する｡,5000倍,5000,5000,32,挿し木時,-,,,,-,rhizobium-vitis,BM02,PDF: BM02 の R. vitis strain ARK-1（株の一致はラベルで要確認）,,
24966,ジメトモルフ・銅水和剤,ホクコーフェスティバルＣ水和剤,殺菌剤,2025/5/14,大粒種ぶどう,べと病,散布,600倍,600,600,32,収穫30日前まで,200～700L/10a,200,700,5,2回以内,dimethomorph/copper,40/M1,,ジメトモルフを含む農薬の総使用回数：2回以内,
24966,ジメトモルフ・銅水和剤,ホクコーフェスティバルＣ水和剤,殺菌剤,2025/5/14,小粒種ぶどう,べと病,散布,600倍,600,600,32,収穫45日前まで,200～700L/10a,200,700,5,2回以内,dimethomorph/copper,40/M1,,ジメトモルフを含む農薬の総使用回数：2回以内,
24967,有機銅塗布剤,バッチレート,殺菌剤,2025/5/14,ぶどう,傷口のゆ合促進,剪定枝の切口､病患部の削除あとに塗布,原液,,,,剪定時及び病患部削り取り直後,,,,,3回以内,copper,M1,有機銅: PDF の copper 注記「有機銅錯体にも当てはまる」に基づき M1（推定）,有機銅を含む農薬の総使用回数：7回以内(塗布は3回以内､散布は4回以内(但し､開花後は1回以内)),
25062,キャプタン水和剤,ホクコーオーソサイド快粒,殺菌剤,2026/9/9,ぶどう,晩腐病,散布,800倍,800,800,32,収穫30日前まで,200～700L/10a,200,700,5,3回以内,captan,M4,,キャプタンを含む農薬の総使用回数：3回以内,
25062,キャプタン水和剤,ホクコーオーソサイド快粒,殺菌剤,2026/9/9,ぶどう,褐斑病,散布,800倍,800,800,32,収穫30日前まで,200～700L/10a,200,700,5,3回以内,captan,M4,,キャプタンを含む農薬の総使用回数：3回以内,
25062,キャプタン水和剤,ホクコーオーソサイド快粒,殺菌剤,2026/9/9,ぶどう,灰色かび病,散布,800倍,800,800,32,収穫30日前まで,200～700L/10a,200,700,5,3回以内,captan,M4,,キャプタンを含む農薬の総使用回数：3回以内,
25062,キャプタン水和剤,ホクコーオーソサイド快粒,殺菌剤,2026/9/9,ぶどう,べと病,散布,800倍,800,800,32,収穫30日前まで,200～700L/10a,200,700,5,3回以内,captan,M4,,キャプタンを含む農薬の総使用回数：3回以内,
25062,キャプタン水和剤,ホクコーオーソサイド快粒,殺菌剤,2026/9/9,ぶどう,枝膨病,散布,800倍,800,800,32,収穫30日前まで,200～700L/10a,200,700,5,3回以内,captan,M4,,キャプタンを含む農薬の総使用回数：3回以内,
25062,キャプタン水和剤,ホクコーオーソサイド快粒,殺菌剤,2026/9/9,ぶどう,黒とう病,散布,800倍,800,800,32,収穫30日前まで,200～700L/10a,200,700,5,3回以内,captan,M4,,キャプタンを含む農薬の総使用回数：3回以内,
25063,キャプタン水和剤,オーソサイド快粒,殺菌剤,2026/9/9,ぶどう,晩腐病,散布,800倍,800,800,32,収穫30日前まで,200～700L/10a,200,700,5,3回以内,captan,M4,,キャプタンを含む農薬の総使用回数：3回以内,
25063,キャプタン水和剤,オーソサイド快粒,殺菌剤,2026/9/9,ぶどう,褐斑病,散布,800倍,800,800,32,収穫30日前まで,200～700L/10a,200,700,5,3回以内,captan,M4,,キャプタンを含む農薬の総使用回数：3回以内,
25063,キャプタン水和剤,オーソサイド快粒,殺菌剤,2026/9/9,ぶどう,灰色かび病,散布,800倍,800,800,32,収穫30日前まで,200～700L/10a,200,700,5,3回以内,captan,M4,,キャプタンを含む農薬の総使用回数：3回以内,
25063,キャプタン水和剤,オーソサイド快粒,殺菌剤,2026/9/9,ぶどう,べと病,散布,800倍,800,800,32,収穫30日前まで,200～700L/10a,200,700,5,3回以内,captan,M4,,キャプタンを含む農薬の総使用回数：3回以内,
25063,キャプタン水和剤,オーソサイド快粒,殺菌剤,2026/9/9,ぶどう,枝膨病,散布,800倍,800,800,32,収穫30日前まで,200～700L/10a,200,700,5,3回以内,captan,M4,,キャプタンを含む農薬の総使用回数：3回以内,
25063,キャプタン水和剤,オーソサイド快粒,殺菌剤,2026/9/9,ぶどう,黒とう病,散布,800倍,800,800,32,収穫30日前まで,200～700L/10a,200,700,5,3回以内,captan,M4,,キャプタンを含む農薬の総使用回数：3回以内,
